sessionid,email,createdate,language,country,processed,total,converted
1o1mni21lcmdmzyowk,anon+fb0c2352c632@example.invalid,2025-08-10 13:05:11.126906+02,es,ES,True,17.82,True
1o1mni21lcmdr63fes,,2025-08-03 20:31:40.887571+02,es,ES,False,0.0,False
1o1mni21lcmdscm0wx,,2025-08-03 00:10:53.381649+02,es,RU,False,14.8,False
1o1mni21lcmdsee21z,anon+9b087c1df5b0@example.invalid,2025-08-02 20:52:23.190675+02,fr,FR,True,0.0,True
1o1mni21lcmdtiuw8t,anon+6c7e31760200@example.invalid,2025-08-04 18:41:04.23123+02,es,ES,True,,False
1o1mni21lcmdtx6yz0,anon+c8840dca132d@example.invalid,2025-08-02 21:07:52.748245+02,es,ES,True,24.8,False
1o1mni21lcmdu4w375,,2025-08-04 23:43:09.938688+02,fr,FR,False,29.3,False
1o1mni21lcmdu5tqlz,,2025-08-04 18:23:43.801364+02,fr,FR,False,14.8,False
1o1mni21lcmdu7nwo6,anon+d6c29154830f@example.invalid,2025-08-05 20:14:45.026208+02,es,ES,True,28.3,False
1o1mni21lcmdu89bf9,anon+25baa995b2f1@example.invalid,2025-08-02 14:29:22.783851+02,es,ES,True,0.0,True
1o1mni21lcmdu8i85v,anon+2a1b31853175@example.invalid,2025-08-02 14:44:54.930209+02,fr,FR,True,23.14,False
1o1mni21lcmdu8lgo1,,2025-08-02 14:57:32.29515+02,fr,FR,False,29.3,False
1o1mni21lcmdu8uo9j,anon+7599e2965dcd@example.invalid,2025-08-02 14:47:06.494512+02,es,ES,True,,False
1o1mni21lcmdu9n84c,,2025-08-02 15:13:57.302252+02,sv,SE,False,118.0,False
1o1mni21lcmdu9tz85,anon+705e664eac5a@example.invalid,2025-08-02 15:14:41.979133+02,en,GB,True,51.1,True
1o1mni21lcmdu9w4my,,2025-08-02 15:19:30.295284+02,fr,FR,False,23.8,False
1o1mni21lcmduam6i0,,2025-08-02 15:36:10.618119+02,es,ES,False,10.8,False
1o1mni21lcmdubt9dp,,2025-08-02 16:15:58.748699+02,fr,FR,False,,False
1o1mni21lcmducwe02,anon+956fbc6c80dc@example.invalid,2025-08-02 16:53:32.692499+02,fr,FR,True,20.3,True
1o1mni21lcmduddvel,,2025-08-08 17:37:35.956231+02,en,GB,False,14.4,False
1o1mni21lcmdudzrqh,,2025-08-02 17:12:32.739557+02,fr,FR,False,25.8,False
1o1mni21lcmdue7xl8,anon+7ab572eacc2e@example.invalid,2025-08-02 17:47:41.171685+02,fr,CH,True,32.2,True
1o1mni21lcmdueiiyl,,2025-08-02 17:22:46.114761+02,es,ES,False,0.0,False
1o1mni21lcmduej9sw,,2025-08-03 17:20:00.076085+02,es,ES,False,24.8,False
1o1mni21lcmduf0yum,,2025-08-02 17:39:32.560422+02,es,ES,False,35.1,False
1o1mni21lcmduf205f,,2025-08-02 17:50:01.200357+02,en,GB,False,0.0,False
1o1mni21lcmdug8yyo,,2025-08-02 18:11:05.893182+02,es,ES,False,31.7,False
1o1mni21lcmdugqkbl,anon+15b2c2234740@example.invalid,2025-08-02 18:31:22.076678+02,en,GB,True,17.9,True
1o1mni21lcmduhetqh,anon+c0838b159cc1@example.invalid,2025-08-02 19:03:03.653757+02,es,ES,True,24.8,False
1o1mni21lcmduhlphw,anon+37304c6f1bba@example.invalid,2025-08-02 18:59:23.064761+02,en,GB,True,24.9,True
1o1mni21lcmduhqha7,,2025-08-02 18:52:35.555465+02,fr,FR,False,,False
1o1mni21lcmduiv3wq,,2025-08-02 19:24:19.352622+02,fr,FR,False,,True
1o1mni21lcmduj6kdy,,2025-08-02 19:53:52.392202+02,en,GB,False,17.9,False
1o1mni21lcmdujddx8,,2025-08-02 19:58:45.409216+02,fr,FR,False,11.9,False
1o1mni21lcmdujg426,,2025-08-02 19:41:33.958276+02,en,GB,False,,False
1o1mni21lcmdujk61g,anon+3bbb89553da2@example.invalid,2025-08-02 19:45:19.282609+02,en,GB,True,,False
1o1mni21lcmdukj2h9,,2025-08-02 20:10:50.568362+02,en,GB,False,,False
1o1mni21lcmdukr1tp,,2025-08-02 20:18:30.96381+02,en,ES,True,,True
1o1mni21lcmdul8dc2,anon+e471fc064066@example.invalid,2025-08-02 20:37:20.390613+02,sv,SE,True,257.0,True
1o1mni21lcmdul9ehu,,2025-08-02 21:13:40.430029+02,en,SE,False,147.0,False
1o1mni21lcmdulum1n,,2025-08-05 20:22:37.390849+02,en,GB,False,24.9,False
1o1mni21lcmdulwy9v,,2025-08-02 20:49:35.921764+02,en,GB,False,0.0,False
1o1mni21lcmdumcu5h,,2025-08-02 21:06:53.947239+02,fr,FR,False,15.3,False
1o1mni21lcmdumsi09,,2025-08-02 21:25:19.37166+02,es,ES,False,24.8,False
1o1mni21lcmdun67i9,anon+76798d79648a@example.invalid,2025-08-02 21:30:04.75299+02,en,GB,True,0.0,True
1o1mni21lcmdun8tlh,,2025-08-02 21:42:58.636297+02,it,IT,False,14.85,False
1o1mni21lcmdupnxds,,2025-08-02 22:35:17.953296+02,en,GB,False,12.15,False
1o1mni21lcmdupq6ky,anon+dab2b8eb0246@example.invalid,2025-08-04 10:12:41.782299+02,es,ES,True,22.14,False
1o1mni21lcmduqckm7,,2025-08-02 23:02:55.829558+02,es,ES,False,,False
1o1mni21lcmduqfe3c,anon+50f89842c2da@example.invalid,2025-08-02 23:12:59.727247+02,en,GB,True,34.4,True
1o1mni21lcmduqrajs,,2025-08-02 23:05:09.840028+02,de,DE,False,0.0,False
1o1mni21lcmduqt5k9,,2025-08-02 23:13:46.708741+02,en,GB,False,21.4,False
1o1mni21lcmdur8vxy,,2025-08-02 23:32:36.240179+02,fr,FR,False,20.95,False
1o1mni21lcmdushiwf,anon+12587cd9cc1f@example.invalid,2025-08-02 23:56:17.429675+02,en,GB,True,,False
1o1mni21lcmdusive4,anon+6dca43b0fe5c@example.invalid,2025-08-02 23:57:00.137471+02,de,DE,True,11.8,False
1o1mni21lcmdutypig,anon+bb0dbcd033f8@example.invalid,2025-08-03 00:43:20.878977+02,en,GB,True,,False
1o1mni21lcmduv6k0e,,2025-08-03 01:10:34.231618+02,es,ES,False,,False
1o1mni21lcmdux9728,,2025-08-03 02:13:49.486495+02,es,ES,False,19.52,False
1o1mni21lcmduz8hsq,,2025-08-03 03:19:01.695295+02,en,GB,False,22.9,False
1o1mni21lcmdv1rmzs,anon+876e21fa49d3@example.invalid,2025-08-03 04:27:05.538136+02,fr,FR,True,25.8,True
1o1mni21lcmdv65fet,,2025-08-03 06:16:03.862511+02,en,GB,False,,False
1o1mni21lcmdv6jskg,anon+7430b6ec3c16@example.invalid,2025-08-03 06:37:46.467928+02,es,ES,True,20.9,False
1o1mni21lcmdv81jcj,,2025-08-03 07:11:30.960628+02,it,IT,False,22.3,False
1o1mni21lcmdv9xwom,,2025-08-03 08:04:30.897017+02,de,DE,False,24.16,False
1o1mni21lcmdva2gij,,2025-08-03 08:08:12.542332+02,es,ES,False,17.8,False
1o1mni21lcmdvafoc7,anon+8c23c07101a8@example.invalid,2025-08-03 08:27:45.18437+02,es,ES,True,,False
1o1mni21lcmdvap9zi,,2025-08-03 08:26:11.788428+02,de,DE,False,11.8,False
1o1mni21lcmdvav9hd,,2025-08-03 08:29:00.499254+02,fr,FR,False,32.5,False
1o1mni21lcmdvayvar,,2025-08-03 08:32:33.662129+02,fr,FR,False,,False
1o1mni21lcmdvbdf4w,anon+20f9b17d985b@example.invalid,2025-08-04 09:06:29.525728+02,fr,FR,True,,True
1o1mni21lcmdvbiw12,anon+4f5d4ec7aa99@example.invalid,2025-08-03 08:53:03.434681+02,sv,SE,True,327.0,True
1o1mni21lcmdvcn4hl,,2025-08-03 09:24:48.871406+02,fr,FR,False,0.0,False
1o1mni21lcmdvcuqh0,,2025-08-03 09:53:13.903284+02,fr,FR,False,29.3,False
1o1mni21lcmdvcvy4c,anon+2d3be3ee303d@example.invalid,2025-08-05 08:25:29.240792+02,es,ES,True,17.82,False
1o1mni21lcmdvd1tss,,2025-08-03 09:30:16.949914+02,de,DE,False,11.8,False
1o1mni21lcmdvdk3tb,anon+dc232aea74d6@example.invalid,2025-08-03 09:58:17.1481+02,fr,FR,True,18.7,True
1o1mni21lcmdvdu4l9,anon+cf4db11ab0d0@example.invalid,2025-08-05 19:31:06.5577+02,fr,FR,True,,False
1o1mni21lcmdvdytv5,,2025-08-03 10:27:28.120597+02,es,ES,False,24.8,False
1o1mni21lcmdve7rfx,anon+81b8c90603ce@example.invalid,2025-08-03 10:13:27.923291+02,en,GB,True,17.9,True
1o1mni21lcmdvf1y9y,,2025-08-03 10:28:38.686863+02,es,ES,False,21.2,False
1o1mni21lcmdvfaq5v,anon+378ae2c9cb8c@example.invalid,2025-08-03 10:42:09.074514+02,en,GB,True,21.4,True
1o1mni21lcmdvfety7,anon+d0e7f297915c@example.invalid,2025-08-03 10:36:42.228122+02,en,GB,True,24.9,True
1o1mni21lcmdvfqygl,,2025-08-03 10:53:40.390051+02,it,IT,False,22.3,False
1o1mni21lcmdvfr46s,,2025-08-03 10:46:11.906548+02,de,DE,False,52.8,False
1o1mni21lcmdvgd7vw,,2025-08-03 11:04:55.191391+02,de,DE,False,14.85,False
1o1mni21lcmdvgzvzj,,2025-08-03 11:19:40.999752+02,en,GB,False,,False
1o1mni21lcmdvh0gy7,anon+a5afc558abdc@example.invalid,2025-08-03 11:26:13.220252+02,en,GB,True,,False
1o1mni21lcmdvh7ax2,anon+f80a2d2aae5c@example.invalid,2025-08-03 11:33:21.33642+02,de,DE,True,25.64,True
1o1mni21lcmdvhmgx5,,2025-08-03 11:42:04.904255+02,fr,FR,False,11.8,False
1o1mni21lcmdvhmo8c,,2025-08-03 11:39:42.607345+02,it,IT,False,14.8,False
1o1mni21lcmdvhyth1,anon+716f99e6fd78@example.invalid,2025-08-03 11:49:28.283007+02,es,ES,True,,False
1o1mni21lcmdvi2xvf,,2025-08-03 12:02:27.096077+02,de,DE,False,25.8,False
1o1mni21lcmdviuqaz,,2025-08-03 12:22:58.244256+02,es,ES,True,,True
1o1mni21lcmdvj4dk1,anon+78820e9d93e4@example.invalid,2025-08-03 12:32:20.200899+02,es,ES,True,,False
1o1mni21lcmdvj979h,anon+c9b4cf8de855@example.invalid,2025-08-03 15:45:08.130959+02,de,DE,True,18.7,False
1o1mni21lcmdvjesmq,anon+a5afc558abdc@example.invalid,2025-08-03 12:32:00.456694+02,en,GB,True,24.9,True
1o1mni21lcmdvjnf3u,,2025-08-03 12:33:57.484414+02,fr,FR,False,0.0,False
1o1mni21lcmdvjov8q,,2025-08-03 14:02:17.810553+02,en,GB,True,,True
1o1mni21lcmdvjseit,,2025-08-03 12:46:07.323788+02,en,GB,False,14.4,False
1o1mni21lcmdvk99o8,anon+5d1fbf4d60ac@example.invalid,2025-08-03 12:55:31.219863+02,fr,FR,True,25.8,True
1o1mni21lcmdvk9fzd,,2025-08-03 12:51:05.380684+02,fr,CH,False,0.0,False
1o1mni21lcmdvkccnj,,2025-08-03 13:15:54.80596+02,es,ES,False,,False
1o1mni21lcmdvkdqgp,anon+33d43d98f515@example.invalid,2025-08-03 13:08:58.400894+02,es,ES,True,24.8,False
1o1mni21lcmdvkppsa,anon+d2966b6b40e1@example.invalid,2025-08-07 22:53:29.985085+02,es,ES,True,31.2,True
1o1mni21lcmdvlwy0m,,2025-08-03 13:49:32.161457+02,en,GB,False,0.0,False
1o1mni21lcmdvm2bui,,2025-08-03 20:57:32.2742+02,it,IT,False,0.0,False
1o1mni21lcmdvnadhw,,2025-08-03 15:10:24.005942+02,de,DE,False,25.8,False
1o1mni21lcmdvncf2w,anon+355676376a0c@example.invalid,2025-08-03 14:50:24.588356+02,es,ES,True,,False
1o1mni21lcmdvnl955,anon+9d0573a4bf46@example.invalid,2025-08-03 14:39:41.924536+02,de,DE,True,22.3,False
1o1mni21lcmdvnlv1e,anon+150c81bf1c4c@example.invalid,2025-08-03 14:29:25.284477+02,fr,FR,True,15.3,False
1o1mni21lcmdvpcw8m,anon+e72341b6c621@example.invalid,2025-08-03 15:27:06.513166+02,es,ES,True,28.3,True
1o1mni21lcmdvpm2la,,2025-08-03 15:21:49.90458+02,es,ES,False,17.8,False
1o1mni21lcmdvq2pva,anon+4cf4f5ff8fa2@example.invalid,2025-08-06 14:48:23.930857+02,en,GB,True,23.9,True
1o1mni21lcmdvqj697,anon+42a872477dbb@example.invalid,2025-08-03 21:11:59.442194+02,sv,SE,True,257.0,False
1o1mni21lcmdvr7nnq,anon+009a95e0f323@example.invalid,2025-08-03 16:30:33.031786+02,en,GB,True,19.5,True
1o1mni21lcmdvrawxg,anon+2fb11439cb6e@example.invalid,2025-08-03 16:08:11.36916+02,fr,FR,True,27.22,False
1o1mni21lcmdvrqipq,anon+8951c33c8f03@example.invalid,2025-08-03 16:58:14.119779+02,es,ES,True,17.7,True
1o1mni21lcmdvs23px,,2025-08-03 16:29:29.165964+02,es,US,False,,False
1o1mni21lcmdvsettw,,2025-08-03 16:41:56.296894+02,en,GB,False,,False
1o1mni21lcmdvst55t,,2025-08-03 16:53:02.388982+02,en,GB,False,10.9,False
1o1mni21lcmdvtnbbf,,2025-08-03 17:25:58.949174+02,en,GB,False,24.9,False
1o1mni21lcmdvtqqxo,,2025-08-03 17:18:08.495322+02,es,ES,False,,False
1o1mni21lcmdvug0uy,anon+da32526342db@example.invalid,2025-08-03 17:47:32.529205+02,en,GB,True,,False
1o1mni21lcmdvulliv,,2025-08-03 17:45:33.592203+02,es,ES,False,10.8,False
1o1mni21lcmdvvn0m5,anon+9c779cf65518@example.invalid,2025-08-03 18:26:19.017404+02,es,ES,True,21.3,True
1o1mni21lcmdvw4kid,,2025-08-03 18:26:20.619657+02,sv,SE,False,118.0,False
1o1mni21lcmdvwegcg,,2025-08-03 18:33:19.42141+02,en,GB,False,,False
1o1mni21lcmdvx10b7,,2025-08-03 18:50:58.35406+02,sv,SE,False,148.0,False
1o1mni21lcmdvxnj9y,,2025-08-03 19:07:28.709739+02,es,ES,False,17.8,False
1o1mni21lcmdvxy9v6,,2025-08-03 19:14:29.308975+02,es,ES,False,,False
1o1mni21lcmdvy396w,anon+c9460e6b4201@example.invalid,2025-08-03 19:23:35.383316+02,es,ES,True,17.8,True
1o1mni21lcmdvy84xt,,2025-08-03 19:23:18.794423+02,sv,SE,True,124.0,False
1o1mni21lcmdvyjej8,anon+308f187172aa@example.invalid,2025-08-03 19:44:25.177712+02,en,GB,True,23.0,True
1o1mni21lcmdvyqqxs,,2025-08-03 19:38:35.868838+02,de,DE,False,,False
1o1mni21lcmdvzah3x,anon+fb6aa91c26cb@example.invalid,2025-08-05 08:30:20.025965+02,es,ES,True,,False
1o1mni21lcmdvzskcg,,2025-08-03 20:20:14.471029+02,en,GB,False,16.9,False
1o1mni21lcmdw07aq3,anon+ab10fc3514d2@example.invalid,2025-08-03 20:32:52.824373+02,es,ES,True,,True
1o1mni21lcmdw0ghwt,,2025-08-03 20:34:37.485114+02,fr,FR,False,16.7,False
1o1mni21lcmdw0qugx,,2025-08-03 20:45:07.258443+02,fr,FR,False,62.8,False
1o1mni21lcmdw0zmto,anon+0798ade861bf@example.invalid,2025-08-03 21:14:49.280202+02,es,PL,True,22.2,False
1o1mni21lcmdw1ctb4,anon+840c9d25f2ae@example.invalid,2025-08-04 19:49:57.536391+02,fr,FR,True,30.02,True
1o1mni21lcmdw1d1v9,anon+fdc4d1441dbd@example.invalid,2025-08-03 21:42:38.765744+02,es,ES,True,0.0,True
1o1mni21lcmdw1myv1,anon+9562d0791c50@example.invalid,2025-08-03 20:59:11.48841+02,es,ES,True,18.3,True
1o1mni21lcmdw23k1h,,2025-08-03 21:13:18.613479+02,it,IT,False,11.8,False
1o1mni21lcmdw2ppvs,anon+588133a6068a@example.invalid,2025-08-03 21:42:56.315396+02,en,GB,True,0.0,False
1o1mni21lcmdw2z67s,anon+42a872477dbb@example.invalid,2025-08-03 21:37:10.942702+02,sv,SE,True,257.0,True
1o1mni21lcmdw3ol2v,anon+588133a6068a@example.invalid,2025-08-03 21:55:11.3534+02,en,GB,True,24.9,True
1o1mni21lcmdw4g69p,anon+4b124ffa5199@example.invalid,2025-08-03 22:19:15.058273+02,es,ES,True,0.0,True
1o1mni21lcmdw4r1hh,anon+5c88eb6b13e4@example.invalid,2025-08-03 22:27:48.738291+02,en,GB,True,,False
1o1mni21lcmdw54bmd,anon+055b0935c636@example.invalid,2025-08-03 23:18:32.220132+02,sv,SE,True,185.0,True
1o1mni21lcmdw5bito,anon+991aa35ccd9e@example.invalid,2025-08-03 23:27:25.508792+02,en,GB,True,28.4,True
1o1mni21lcmdw5vmpg,anon+1873cb5b3de0@example.invalid,2025-08-07 19:15:50.17255+02,de,DE,True,72.7,True
1o1mni21lcmdw74g7w,anon+fb1c60d771da@example.invalid,2025-08-03 23:38:54.505069+02,fr,FR,True,24.2,True
1o1mni21lcmdw989fk,anon+c96a512706f7@example.invalid,2025-08-04 00:55:14.212667+02,de,DE,True,,False
1o1mni21lcmdwa78tc,,2025-08-04 01:50:12.733214+02,es,ES,False,,False
1o1mni21lcmdwjjff9,anon+262bdde82b31@example.invalid,2025-08-04 05:43:52.544419+02,fr,FR,True,25.8,True
1o1mni21lcmdwk51ir,,2025-08-08 14:44:50.238001+02,es,ES,False,29.7,False
1o1mni21lcmdwkbc7l,anon+5990c6926b39@example.invalid,2025-08-04 05:52:10.458174+02,es,ES,True,21.3,True
1o1mni21lcmdwmql8g,,2025-08-04 06:52:45.230531+02,it,IT,False,16.14,False
1o1mni21lcmdwmwkky,,2025-08-04 06:52:49.890606+02,en,US,False,0.0,False
1o1mni21lcmdwn9756,anon+451f02eef34a@example.invalid,2025-08-04 07:27:56.393401+02,fr,FR,True,,False
1o1mni21lcmdwp4c46,,2025-08-04 08:02:45.0232+02,it,IT,False,0.0,False
1o1mni21lcmdwpik0m,,2025-08-05 12:38:15.445568+02,en,GB,False,16.9,False
1o1mni21lcmdwpknie,,2025-08-04 08:07:36.04975+02,it,IT,False,0.0,False
1o1mni21lcmdwpkqdn,,2025-08-04 08:07:47.928691+02,it,IT,False,0.0,False
1o1mni21lcmdwppxan,,2025-08-04 08:12:48.410175+02,de,DE,False,,False
1o1mni21lcmdwqkvtd,anon+23e2d6e478bf@example.invalid,2025-08-04 08:39:28.573316+02,es,ES,True,,False
1o1mni21lcmdwr1l0v,anon+8a2350d6a8df@example.invalid,2025-08-04 08:56:36.812412+02,it,IT,True,0.0,False
1o1mni21lcmdwr4t61,,2025-08-04 08:52:36.845208+02,en,GB,False,11.8,False
1o1mni21lcmdwrzuar,anon+52cbe9b678b9@example.invalid,2025-08-04 09:15:41.925093+02,fr,FR,True,32.2,False
1o1mni21lcmdws4jcl,anon+4f577b8852ec@example.invalid,2025-08-04 09:30:20.370003+02,sv,SE,True,,False
1o1mni21lcmdwt48sn,anon+ac911f955829@example.invalid,2025-08-04 12:10:47.47738+02,es,ES,True,21.3,True
1o1mni21lcmdwtu374,,2025-08-04 10:06:58.09453+02,es,ES,False,0.0,False
1o1mni21lcmdwu4ha1,anon+e4fa51253b2b@example.invalid,2025-08-04 10:21:41.067335+02,es,ES,True,14.3,True
1o1mni21lcmdwu6ayx,,2025-08-04 10:17:27.707504+02,es,ES,False,10.8,False
1o1mni21lcmdwu8314,,2025-08-04 10:17:44.250857+02,es,ES,False,0.0,False
1o1mni21lcmdwv8agl,anon+99b4c7e84aa5@example.invalid,2025-08-04 11:00:17.215448+02,en,GB,True,,False
1o1mni21lcmdwvh57b,,2025-08-04 10:53:07.836594+02,es,ES,False,10.9,False
1o1mni21lcmdwwf1jo,,2025-08-04 11:26:42.691599+02,es,ES,False,,False
1o1mni21lcmdwwgpfo,,2025-08-07 11:52:48.631765+02,es,ES,False,17.8,False
1o1mni21lcmdwwhyx6,,2025-08-05 08:39:32.236908+02,fr,FR,False,0.0,False
1o1mni21lcmdwwo3ji,,2025-08-04 11:34:33.196069+02,es,ES,False,,False
1o1mni21lcmdwx0skj,anon+628fecdfd8af@example.invalid,2025-08-04 11:44:29.396492+02,es,ES,True,0.0,True
1o1mni21lcmdwxl1or,anon+628fecdfd8af@example.invalid,2025-08-04 11:51:48.873038+02,es,ES,True,0.0,False
1o1mni21lcmdwy9n5m,anon+93a7877b8ec9@example.invalid,2025-08-04 12:18:09.884599+02,fr,FR,True,27.7,True
1o1mni21lcmdwyejmc,anon+27a7459aa9f4@example.invalid,2025-08-04 12:25:48.071632+02,en,GB,True,22.9,True
1o1mni21lcmdwyfsgc,anon+a2c270822b89@example.invalid,2025-08-04 12:21:01.855088+02,sv,SE,True,148.0,True
1o1mni21lcmdwygd6e,,2025-08-04 12:18:28.168307+02,sv,SE,False,124.0,False
1o1mni21lcmdwzl1qv,anon+03dcca3a1e48@example.invalid,2025-08-04 12:48:42.680242+02,de,DE,True,27.7,False
1o1mni21lcmdwzx8zu,,2025-08-04 13:10:09.182927+02,es,ES,False,21.3,False
1o1mni21lcmdx17ptw,,2025-08-04 13:55:02.005181+02,fr,FR,False,25.8,False
1o1mni21lcmdx1amr1,,2025-08-04 13:38:24.525612+02,es,ES,False,13.85,False
1o1mni21lcmdx1hahf,anon+bf97668e4f67@example.invalid,2025-08-04 13:43:51.025398+02,es,ES,True,10.8,True
1o1mni21lcmdx1q7ks,anon+7b30488f8897@example.invalid,2025-08-04 13:58:12.366276+02,es,ES,True,28.3,True
1o1mni21lcmdx2cct8,,2025-08-04 14:07:04.902332+02,en,GB,False,31.9,False
1o1mni21lcmdx2dq99,anon+d54945995173@example.invalid,2025-08-04 14:18:56.446221+02,en,GB,True,28.85,True
1o1mni21lcmdx3efu5,,2025-08-04 20:42:18.747541+02,de,DE,False,46.09,False
1o1mni21lcmdx3gk3v,,2025-08-04 14:49:36.146154+02,es,ES,False,28.3,False
1o1mni21lcmdx4n1wk,,2025-08-04 15:09:19.32911+02,it,IT,False,,False
1o1mni21lcmdx4waj7,anon+fc43d81538b2@example.invalid,2025-08-04 15:29:57.96006+02,es,ES,True,24.8,True
1o1mni21lcmdx57bmh,anon+f7392e848f08@example.invalid,2025-08-04 15:55:43.692916+02,en,GB,True,20.9,True
1o1mni21lcmdx593b2,anon+9bac16b03d30@example.invalid,2025-08-04 15:29:59.087649+02,es,ES,True,,False
1o1mni21lcmdx5h6qv,,2025-08-04 15:42:01.526434+02,fr,FR,False,14.8,False
1o1mni21lcmdx6ghgo,anon+157407cb6223@example.invalid,2025-08-04 16:04:41.1564+02,en,GB,True,10.9,False
1o1mni21lcmdx6npcr,anon+109a055602eb@example.invalid,2025-08-04 16:26:30.561323+02,sv,SE,True,0.0,False
1o1mni21lcmdx74oqo,anon+3f3e58f7c3a9@example.invalid,2025-08-04 16:22:52.396655+02,sv,SE,True,,False
1o1mni21lcmdx76nvg,anon+6d2d827c8115@example.invalid,2025-08-04 16:55:26.719443+02,en,GB,True,,False
1o1mni21lcmdx7qhkt,anon+c59199c375cc@example.invalid,2025-08-04 16:43:11.135504+02,en,GB,True,14.4,False
1o1mni21lcmdx851f2,anon+22183c6bcd19@example.invalid,2025-08-04 16:57:18.123966+02,es,ES,True,,False
1o1mni21lcmdx8dawb,,2025-08-04 17:00:06.051201+02,es,ES,False,0.0,False
1o1mni21lcmdx8imzj,anon+b31c6e1151fb@example.invalid,2025-08-04 17:08:49.294885+02,en,GB,True,,False
1o1mni21lcmdx8k54q,anon+6d2d827c8115@example.invalid,2025-08-04 17:20:24.713263+02,en,GB,True,0.0,False
1o1mni21lcmdx8nyvq,anon+93721e05c109@example.invalid,2025-08-04 17:08:33.491307+02,en,GB,True,,False
1o1mni21lcmdx8pddx,,2025-08-04 17:07:03.668855+02,en,GB,False,14.4,False
1o1mni21lcmdx8q034,anon+3c84bd9b5d77@example.invalid,2025-08-04 17:13:45.254256+02,es,ES,True,21.3,True
1o1mni21lcmdx8ujtr,,2025-08-04 17:07:16.962259+02,en,RO,False,49.1,False
1o1mni21lcmdx91kzl,anon+e27e54c40e58@example.invalid,2025-08-04 17:15:22.528935+02,es,ES,True,17.82,True
1o1mni21lcmdx9baq2,anon+b31c6e1151fb@example.invalid,2025-08-04 17:22:34.736761+02,en,GB,True,17.9,True
1o1mni21lcmdx9dr0h,,2025-08-04 17:39:17.183041+02,fr,FR,False,15.3,False
1o1mni21lcmdx9r1qd,anon+3b63f1da3bdc@example.invalid,2025-08-04 17:48:59.628724+02,en,GB,True,22.9,True
1o1mni21lcmdx9zvec,,2025-08-04 17:39:46.379118+02,es,ES,False,10.8,False
1o1mni21lcmdxb2io2,,2025-08-04 18:09:19.386335+02,en,GB,False,0.0,False
1o1mni21lcmdxbjn6c,,2025-08-04 18:24:48.13152+02,fr,FR,False,14.85,False
1o1mni21lcmdxbnh51,anon+570a53b63c5e@example.invalid,2025-08-04 20:09:39.677967+02,en,GB,True,23.26,True
1o1mni21lcmdxbpgzj,,2025-08-04 18:28:39.522827+02,de,DE,False,31.8,False
1o1mni21lcmdxczrwe,,2025-08-05 01:47:45.371979+02,es,ES,False,17.8,False
1o1mni21lcmdxdgxfz,,2025-08-04 19:18:06.985213+02,en,GB,False,16.9,False
1o1mni21lcmdxdtldz,anon+840c9d25f2ae@example.invalid,2025-08-04 19:44:21.920571+02,fr,FR,True,30.02,False
1o1mni21lcmdxdxpx1,,2025-08-04 19:37:33.548402+02,fr,FR,False,22.3,False
1o1mni21lcmdxev2yv,anon+4bb7c28e0207@example.invalid,2025-08-04 20:04:07.396716+02,es,ES,True,,False
1o1mni21lcmdxfaieo,,2025-08-04 20:16:49.997885+02,es,ES,False,31.8,False
1o1mni21lcmdxg1ory,anon+7a80423fd9d7@example.invalid,2025-08-04 20:37:34.536376+02,en,GB,True,,False
1o1mni21lcmdxgeib0,anon+7f1ac9ddd86a@example.invalid,2025-08-04 20:39:44.369858+02,en,US,True,39.7,False
1o1mni21lcmdxh5088,,2025-08-04 22:39:25.443133+02,fr,FR,False,20.7,False
1o1mni21lcmdxhh95i,anon+6460732d435b@example.invalid,2025-08-04 21:09:22.291226+02,fr,FR,True,18.7,True
1o1mni21lcmdxidg6s,,2025-08-04 21:46:33.408593+02,fr,FR,False,20.7,False
1o1mni21lcmdxio3to,anon+836f3274c3cc@example.invalid,2025-08-04 21:54:00.500041+02,es,ES,True,28.3,True
1o1mni21lcmdxiw6q9,,2025-08-04 22:05:11.933696+02,es,ES,False,15.02,False
1o1mni21lcmdxjg6zk,anon+d67ae95e00e0@example.invalid,2025-08-04 22:17:18.821876+02,fr,FR,True,,False
1o1mni21lcmdxjj5em,anon+31208eee0115@example.invalid,2025-08-04 23:09:07.644276+02,es,ES,True,0.0,True
1o1mni21lcmdxjjtnr,anon+94abfd4ceb8e@example.invalid,2025-08-04 22:17:09.098313+02,en,GB,True,21.4,False
1o1mni21lcmdxjvi5j,anon+44b1bee863c0@example.invalid,2025-08-04 23:19:56.197303+02,fr,FR,True,25.8,True
1o1mni21lcmdxk7joo,,2025-08-04 22:25:11.536582+02,es,ES,False,0.0,False
1o1mni21lcmdxl36ns,,2025-08-04 22:51:30.079479+02,fr,FR,False,,False
1o1mni21lcmdxmk7vz,,2025-08-04 23:32:48.208533+02,es,ES,False,31.71,False
1o1mni21lcmdxmo7qo,,2025-08-04 23:34:06.411846+02,es,ES,False,0.0,False
1o1mni21lcmdxmze0y,anon+786b9d10984d@example.invalid,2025-08-04 23:50:28.485888+02,es,ES,True,,False
1o1mni21lcmdxnebqt,anon+f2818b9566da@example.invalid,2025-08-05 00:22:30.103915+02,sv,SE,True,258.0,True
1o1mni21lcmdxo6448,anon+593ac5f43559@example.invalid,2025-08-05 00:21:50.025885+02,es,ES,True,13.8,False
1o1mni21lcmdxrfqyg,anon+d7b4c520952f@example.invalid,2025-08-08 13:59:53.558402+02,es,ES,True,,False
1o1mni21lcmdxutfwc,,2025-08-05 03:24:37.660224+02,fr,FR,False,0.0,False
1o1mni21lcmdxxiain,anon+3a450b49a672@example.invalid,2025-08-05 04:44:16.173687+02,es,ES,True,0.0,False
1o1mni21lcmdy1h8yg,anon+1f5d5ddc7f89@example.invalid,2025-08-05 06:39:27.661643+02,fr,FR,True,,False
1o1mni21lcmdy2br53,anon+a9f7d6d1cc22@example.invalid,2025-08-05 07:03:01.01792+02,sv,SE,True,444.9,True
1o1mni21lcmdy2p7rh,,2025-08-05 07:03:51.466081+02,fr,FR,False,22.3,False
1o1mni21lcmdy4998x,anon+bc16f52e54e2@example.invalid,2025-08-05 07:59:47.118262+02,de,DE,True,29.3,True
1o1mni21lcmdy530he,,2025-08-05 08:16:24.536337+02,es,ES,False,,False
1o1mni21lcmdy6gliz,,2025-08-05 10:43:28.488053+02,fr,FR,False,32.8,False
1o1mni21lcmdy70z2q,,2025-08-05 09:05:27.592903+02,es,ES,False,0.0,False
1o1mni21lcmdy783sf,,2025-08-05 09:16:02.670356+02,es,ES,False,14.3,False
1o1mni21lcmdy7cx7w,anon+f72c0735aba4@example.invalid,2025-08-05 09:19:27.453174+02,fr,FR,True,34.6,False
1o1mni21lcmdy7kk3g,anon+001c3e21365e@example.invalid,2025-08-05 09:26:21.968396+02,es,ES,True,,False
1o1mni21lcmdy7nm2r,anon+c55348244174@example.invalid,2025-08-05 09:22:30.418498+02,it,IT,True,32.5,True
1o1mni21lcmdy8t1n0,,2025-08-05 10:10:21.734436+02,fr,FR,False,25.7,False
1o1mni21lcmdy8t8uy,,2025-08-05 09:56:05.053164+02,fr,FR,False,0.0,False
1o1mni21lcmdy9mcxp,,2025-08-06 13:13:01.267533+02,en,GB,False,,False
1o1mni2fr07mdge4osx,anon+bf63f73be02f@example.invalid,2025-08-05 20:17:06.729414+02,fr,FR,True,,False
1o1mni69msmdyaxtqn,anon+b807295e2767@example.invalid,2025-08-05 11:04:02.556488+02,en,GB,True,28.4,False
1o1mni69msmdyb539t,anon+9be2fb4aa941@example.invalid,2025-08-05 11:04:19.071125+02,es,ES,True,0.0,True
1o1mni69msmdybdpx1,anon+be990ba7b292@example.invalid,2025-08-05 11:09:32.598274+02,es,ES,True,17.8,True
1o1mni69msmdybsowe,anon+f4d4ecd19ec5@example.invalid,2025-08-05 11:22:50.632088+02,sv,SE,True,206.9,False
1o1mni69msmdybuoya,anon+8f6a49aed99c@example.invalid,2025-08-05 11:24:56.030536+02,sv,SE,True,,False
1o1mni69msmdybw2ji,,2025-08-05 11:24:32.890282+02,en,GB,False,17.9,False
1o1mni69msmdycv5ve,anon+556750a5fde3@example.invalid,2025-08-05 11:59:44.321939+02,fr,FR,True,,False
1o1mni69msmdyczx8g,,2025-08-07 15:36:31.26612+02,fr,FR,False,18.9,False
1o1mni69msmdydn2gd,,2025-08-05 12:09:02.5343+02,es,ES,False,0.0,False
1o1mni69msmdydxekc,anon+4783db7c1c4f@example.invalid,2025-08-05 12:18:40.130038+02,sv,SE,True,,False
1o1mni69msmdye7p7s,anon+e121e6aef6ea@example.invalid,2025-08-05 12:43:40.886805+02,fr,FR,True,,False
1o1mni69msmdyeajto,anon+41048ea7f273@example.invalid,2025-08-05 12:29:14.378289+02,fr,FR,True,24.7,False
1o1mni69msmdyeexcf,,2025-08-11 23:43:16.924796+02,es,ES,False,22.71,False
1o1mni69msmdyef5bb,,2025-08-05 12:30:52.825819+02,fr,FR,False,0.0,False
1o1mni69msmdyen9ah,,2025-08-05 12:39:36.877783+02,en,SG,False,11.8,False
1o1mni69msmdyf01mx,,2025-08-05 12:47:49.457817+02,de,DE,False,15.3,False
1o1mni69msmdyg3h7b,,2025-08-05 13:20:07.609213+02,es,ES,False,19.85,False
1o1mni69msmdyg8o68,anon+05c61802e20c@example.invalid,2025-08-05 13:44:23.491268+02,it,IT,True,,False
1o1mni69msmdyg8s7u,anon+c29b82918126@example.invalid,2025-08-05 13:32:26.180941+02,es,ES,True,16.8,False
1o1mni69msmdygehax,,2025-08-05 13:36:10.999275+02,es,ES,False,0.0,False
1o1mni69msmdygiivj,anon+1e1a8973c999@example.invalid,2025-08-05 13:35:27.263396+02,sv,SE,True,188.0,True
1o1mni69msmdygm2iv,,2025-08-05 13:33:57.434062+02,en,GB,False,,False
1o1mni69msmdygnuf8,,2025-08-05 13:38:18.999716+02,fr,FR,False,0.0,False
1o1mni69msmdyhc8pg,anon+5ad02c3695ab@example.invalid,2025-08-05 13:54:36.12471+02,es,ES,True,,False
1o1mni69msmdyhz2o1,,2025-08-05 14:15:00.857555+02,es,ES,False,31.7,False
1o1mni69msmdyisywt,anon+82264bde14ed@example.invalid,2025-08-05 15:21:39.556448+02,it,IT,True,18.82,True
1o1mni69msmdyiux08,,2025-08-05 14:42:24.613671+02,es,ES,False,24.8,False
1o1mni69msmdyiykwr,,2025-08-05 15:52:53.741264+02,fr,FR,False,18.8,False
1o1mni69msmdykeugm,anon+a5e75d78e357@example.invalid,2025-08-05 15:37:21.684745+02,es,ES,True,,False
1o1mni69msmdykfqvs,,2025-08-05 15:30:12.80606+02,fr,FR,False,22.3,False
1o1mni69msmdylh66k,anon+0b9a58196d3b@example.invalid,2025-08-05 15:54:13.099317+02,en,GB,True,0.0,True
1o1mni69msmdym2mxx,,2025-08-05 16:05:34.633299+02,es,ES,False,49.65,False
1o1mni69msmdymn3ei,anon+a5e75d78e357@example.invalid,2025-08-05 17:12:43.825971+02,es,ES,True,28.3,True
1o1mni69msmdynk3ho,anon+1ed6d5caff20@example.invalid,2025-08-05 16:50:43.981279+02,es,ES,True,10.8,False
1o1mni6es9mdyp1ms8,,2025-08-05 17:33:40.231102+02,es,ES,False,23.2,False
1o1mni6es9mdyppsrc,,2025-08-05 17:47:05.266826+02,en,GB,False,,False
1o1mni6es9mdyq47tw,anon+67a80da47d96@example.invalid,2025-08-05 18:04:43.471815+02,es,ES,True,20.62,True
1o1mni6es9mdyqa62s,,2025-08-05 18:06:55.75591+02,es,ES,False,13.85,False
1o1mni6es9mdyqeaxk,anon+6bbf5f559c64@example.invalid,2025-08-05 18:09:01.905015+02,sv,SE,True,118.0,True
1o1mni6es9mdyqi67a,,2025-08-05 18:17:06.558152+02,fr,FR,False,11.8,False
1o1mni6es9mdyqmajv,anon+2d84a3ea0faf@example.invalid,2025-08-05 18:14:09.742808+02,es,ES,True,10.8,True
1o1mni6es9mdyr0nn3,,2025-08-05 18:29:59.62081+02,es,ES,False,59.4,False
1o1mni6es9mdyr4zpq,,2025-08-05 18:27:35.197356+02,en,GB,False,,False
1o1mni6es9mdyrkv47,anon+62815044ae24@example.invalid,2025-08-05 18:43:44.620202+02,es,ES,True,10.8,False
1o1mni6es9mdyrs0sq,anon+b9d33a88ae83@example.invalid,2025-08-05 18:56:01.577196+02,fr,FR,True,,False
1o1mni6es9mdysl6hs,,2025-08-05 19:18:22.21769+02,es,ES,True,24.8,False
1o1mni6es9mdysn9l0,anon+d86d177f6a87@example.invalid,2025-08-05 20:09:48.912154+02,es,ES,True,35.3,False
1o1mni6es9mdyt6mck,anon+f709777ea176@example.invalid,2025-08-05 20:09:12.271157+02,fr,FR,True,22.3,True
1o1mni6es9mdytc8i9,anon+6d38134b6a69@example.invalid,2025-08-05 19:33:18.715194+02,en,GB,True,24.7,False
1o1mni6es9mdytfv8z,,2025-08-05 19:35:25.587766+02,de,DE,False,13.7,False
1o1mni6es9mdyvqbc0,anon+c29b82918126@example.invalid,2025-08-05 20:39:28.979419+02,es,ES,True,,False
1o1mni6es9mdyvu96m,anon+68c8591c94bc@example.invalid,2025-08-05 20:41:35.086066+02,en,GB,True,18.1,True
1o1mni6es9mdyw5ui3,,2025-08-05 20:51:50.1345+02,es,ES,False,,False
1o1mni6es9mdyw8zdi,anon+c29b82918126@example.invalid,2025-08-05 20:51:44.621235+02,es,ES,True,17.8,True
1o1mni6es9mdywdw6l,anon+ec9b99beb8a8@example.invalid,2025-08-05 20:54:39.124124+02,es,ES,True,42.2,True
1o1mni6es9mdyx3ezl,,2025-08-06 20:43:27.414058+02,fr,FR,False,33.7,False
1o1mni6es9mdyxgp5i,,2025-08-05 21:59:05.942656+02,fr,FR,False,25.8,False
1o1mni6es9mdyxh41i,,2025-08-05 21:34:07.610006+02,fr,FR,False,39.7,False
1o1mni6es9mdyxlr4o,anon+6af87c595b31@example.invalid,2025-08-05 21:39:16.999215+02,de,DE,True,25.8,False
1o1mni6es9mdyxlwrb,anon+f99aaa82f8b3@example.invalid,2025-08-05 21:41:17.063884+02,it,IT,True,32.25,True
1o1mni6es9mdyy9aat,anon+2a366d18062b@example.invalid,2025-08-05 22:03:54.410563+02,fr,CH,True,22.3,True
1o1mni6es9mdyyz0hu,anon+1bd07d389acf@example.invalid,2025-08-05 22:12:57.545545+02,en,GB,True,,False
1o1mni6es9mdyzed4s,anon+4f62fdab39bb@example.invalid,2025-08-05 22:25:06.583795+02,fr,FR,True,49.7,False
1o1mni6es9mdyzelzp,anon+c0aaf81961c0@example.invalid,2025-08-05 22:26:35.234425+02,fr,FR,True,18.8,True
1o1mni6es9mdyzw39q,anon+00f17dc2cf65@example.invalid,2025-08-05 23:03:32.294414+02,es,ES,True,17.8,False
1o1mni6es9mdyzwnw7,anon+6ca5cea6f255@example.invalid,2025-08-05 22:45:36.373458+02,en,GB,True,17.9,True
1o1mni6es9mdz0b0qy,anon+4527e1f2019a@example.invalid,2025-08-05 22:51:22.177844+02,fr,FR,True,,False
1o1mni6es9mdz0tgiv,,2025-08-05 23:01:40.646339+02,en,GB,False,10.9,False
1o1mni6es9mdz0ui23,anon+7daa5e0a0b25@example.invalid,2025-08-05 23:07:08.02418+02,es,ES,True,,False
1o1mni6es9mdz1lxl7,anon+bd064b4107ae@example.invalid,2025-08-08 12:17:24.74591+02,fr,FR,True,50.5,False
1o1mni6es9mdz2ckgj,,2025-08-06 00:02:38.221947+02,es,ES,False,21.3,False
1o1mni6es9mdz2xw62,anon+d8a01ac7a11b@example.invalid,2025-08-06 12:13:12.65157+02,es,ES,True,28.3,True
1o1mni6es9mdz3pday,anon+41e96eb217a5@example.invalid,2025-08-06 00:19:33.697547+02,es,ES,True,24.8,True
1o1mni6es9mdz409yc,,2025-08-06 00:27:09.810367+02,en,GB,False,0.0,False
1o1mni6es9mdza1qu6,,2025-08-06 03:16:20.314245+02,fr,FR,False,,False
1o1mni6es9mdzg16nh,,2025-08-06 06:06:59.114493+02,es,ES,False,17.8,False
1o1mni6es9mdzjjugy,anon+45bcadbdd061@example.invalid,2025-08-06 07:52:18.76521+02,de,DE,True,11.8,True
1o1mni6es9mdzkeowa,,2025-08-06 13:12:14.750977+02,es,ES,False,30.8,False
1o1mni6es9mdzkrxse,,2025-08-06 08:17:54.213409+02,fr,FR,False,11.9,False
1o1mni6es9mdzlhod8,,2025-08-09 16:18:40.20457+02,fr,FR,False,25.8,False
1o1mni6es9mdzlsi79,anon+0ee4edb6d87b@example.invalid,2025-08-06 08:52:24.758832+02,fr,FR,True,15.3,True
1o1mni6es9mdzm25b3,,2025-08-06 08:52:29.122635+02,fr,FR,False,,False
1o1mni6es9mdzm7f70,,2025-08-06 14:12:28.522874+02,sv,SE,False,118.0,False
1o1mni6es9mdzmc0jp,,2025-08-06 09:05:41.086758+02,it,IT,False,14.8,False
1o1mni6es9mdzmeyy1,,2025-08-06 09:02:26.935408+02,es,FR,False,30.34,False
1o1mni6es9mdzmr2t5,anon+3be44aaebd88@example.invalid,2025-08-06 09:21:01.599757+02,en,GB,True,14.4,True
1o1mni6es9mdznc4dd,anon+b6182022e873@example.invalid,2025-08-06 10:13:40.742559+02,fr,FR,True,29.3,False
1o1mni6es9mdznno95,,2025-08-06 09:46:17.33255+02,es,ES,False,21.3,False
1o1mni6es9mdznzv5y,,2025-08-06 09:51:43.363883+02,it,IT,False,,False
1o1mni6es9mdzo068u,anon+6499d6e60994@example.invalid,2025-08-06 10:00:09.920063+02,fr,FR,True,25.8,True
1o1mni6es9mdzp41md,,2025-08-06 14:11:49.339067+02,fr,FR,False,24.2,False
1o1mni6es9mdzp7teb,anon+57b9687e80e5@example.invalid,2025-08-06 11:32:47.929531+02,fr,FR,True,32.8,True
1o1mni6es9mdzpad7z,,2025-08-06 10:24:59.773788+02,es,ES,False,19.7,False
1o1mni6es9mdzqovl8,anon+a92707b3f9e2@example.invalid,2025-08-06 11:13:51.597455+02,de,DE,True,55.8,True
1o1mni6es9mdzrb0e4,anon+f463d6255f2b@example.invalid,2025-08-06 11:19:37.1794+02,es,ES,True,23.8,False
1o1mni6es9mdzs2jwh,anon+89144ecac74c@example.invalid,2025-08-06 11:47:19.988923+02,es,ES,True,24.8,False
1o1mni6es9mdztcjgx,anon+c4f97acaba82@example.invalid,2025-08-06 12:22:59.760464+02,it,IT,True,25.7,True
1o1mni6es9mdzti9tl,anon+1008c8dd8704@example.invalid,2025-08-06 13:45:05.732818+02,de,DE,True,25.8,False
1o1mni6es9mdzudpuw,,2025-08-06 15:59:26.794287+02,fr,FR,False,25.8,False
1o1mni6es9mdzvbd7u,anon+fef252fcd3b9@example.invalid,2025-08-06 13:17:49.456941+02,es,ES,True,17.8,False
1o1mni6es9mdzvgbcv,anon+275aab1e2494@example.invalid,2025-08-06 13:32:27.79105+02,es,ES,True,52.2,True
1o1mni6es9mdzvisfp,anon+0752d9074ced@example.invalid,2025-08-06 13:22:03.565881+02,en,GB,True,,False
1o1mni6es9mdzw7228,,2025-08-06 13:44:11.368919+02,fr,FR,False,,False
1o1mni6es9mdzwidoj,,2025-08-06 13:46:50.582568+02,de,DE,False,,False
1o1mni6es9mdzwx6gn,,2025-08-06 14:05:01.800746+02,fr,FR,False,,False
1o1mni6es9mdzx8zo6,anon+75832d18fa09@example.invalid,2025-08-06 14:12:30.725513+02,fr,FR,True,36.2,False
1o1mni6es9mdzxe9ef,anon+60e337ee4aaf@example.invalid,2025-08-06 14:23:42.08366+02,fr,FR,True,25.8,True
1o1mni6es9mdzxly5v,anon+7d0c4792513a@example.invalid,2025-08-16 17:54:43.196391+02,en,GB,True,,False
1o1mni6es9mdzxt9ib,anon+d7ab372f3eca@example.invalid,2025-08-06 15:30:01.779217+02,fr,FR,True,11.8,True
1o1mni6es9mdzy8ujk,anon+3ed16ad5c0a2@example.invalid,2025-08-06 14:37:13.977924+02,es,ES,True,38.7,True
1o1mni6es9mdzyqgfd,,2025-08-06 14:48:01.566336+02,es,ES,False,11.8,False
1o1mni6es9mdzysnwk,,2025-08-06 14:55:00.803512+02,es,ES,False,14.3,False
1o1mni6es9mdzz32w8,anon+1abc594427b3@example.invalid,2025-08-06 16:46:00.942765+02,en,GB,True,21.4,True
1o1mni6es9mdzz5ve2,anon+07941e861fd9@example.invalid,2025-08-06 15:13:22.107674+02,en,FR,True,0.0,True
1o1mni6es9mdzzabrx,anon+9f066344e631@example.invalid,2025-08-06 15:06:43.164406+02,it,IT,True,15.3,False
1o1mni6es9mdzzr0wl,,2025-08-06 15:26:54.265164+02,es,ES,False,21.3,False
1o1mni6es9mdzzub1d,anon+f52f961c98ec@example.invalid,2025-08-06 15:24:53.340938+02,fr,FR,True,15.3,False
1o1mni6es9mdzzwcrk,,2025-08-06 15:28:31.048348+02,en,GB,False,14.4,False
1o1mni6es9me00uu8v,anon+c27cbd49c4e7@example.invalid,2025-08-06 16:01:12.80315+02,es,ES,True,0.0,True
1o1mni6es9me00vew4,anon+07941e861fd9@example.invalid,2025-08-06 15:47:11.297883+02,en,FR,True,0.0,False
1o1mni6es9me01343y,,2025-08-06 15:57:31.211338+02,de,DE,False,0.0,False
1o1mni6es9me01ify9,,2025-08-06 18:06:43.337077+02,it,IT,False,,False
1o1mni6es9me01yb3v,anon+468496d5cd15@example.invalid,2025-08-06 23:32:56.554838+02,fr,FR,True,,False
1o1mni6es9me01yzqw,anon+4f1ae02f0737@example.invalid,2025-08-06 16:25:25.674781+02,es,ES,True,28.3,False
1o1mni6es9me025xi8,,2025-08-06 16:42:00.390329+02,en,GB,False,17.9,False
1o1mni6es9me02bdsx,anon+2f95d91f5a51@example.invalid,2025-08-10 14:04:22.916612+02,es,ES,True,21.3,True
1o1mni6es9me02ujiq,anon+33dcccfd14b5@example.invalid,2025-08-06 16:52:33.5084+02,fr,FR,True,15.3,True
1o1mni6es9me030fvv,anon+42e41df3bdd3@example.invalid,2025-08-06 17:25:48.724796+02,en,GB,True,21.4,True
1o1mni6es9me03a5tf,anon+c0cb046fbdfa@example.invalid,2025-08-06 17:12:49.675553+02,fr,FR,True,0.0,True
1o1mni6es9me0403oi,,2025-08-06 17:16:05.985508+02,it,IT,False,28.75,False
1o1mni6es9me04p680,anon+d4a2718d7982@example.invalid,2025-08-06 17:40:09.845037+02,es,ES,True,24.8,True
1o1mni6es9me04twp3,anon+702f06f77081@example.invalid,2025-08-06 17:47:32.238687+02,fr,FR,True,25.8,True
1o1mni6es9me057kpy,,2025-08-06 17:49:18.260899+02,fr,FR,False,29.3,False
1o1mni6es9me064oyu,,2025-08-06 18:14:20.394352+02,sv,SE,False,0.0,False
1o1mni6es9me06d4bn,,2025-08-06 18:25:09.09191+02,es,ES,False,14.3,False
1o1mni6es9me06i3fp,,2025-08-06 18:50:06.177353+02,es,ES,False,65.0,False
1o1mni6es9me07yr0d,,2025-08-06 19:13:20.727566+02,es,ES,False,21.3,False
1o1mni6es9me084tp9,,2025-08-06 19:21:51.123197+02,es,ES,False,16.2,False
1o1mni6es9me08a09o,anon+4a9827d812a0@example.invalid,2025-08-06 20:36:01.62591+02,es,ES,True,52.6,True
1o1mni6es9me08uxot,anon+10167a0b7b6d@example.invalid,2025-08-06 19:36:51.191771+02,es,ES,True,,False
1o1mni6es9me09qfqk,anon+c7274ac3fc34@example.invalid,2025-08-06 19:58:56.998122+02,fr,FR,True,11.8,True
1o1mni6es9me0b0s2s,anon+c08131cca740@example.invalid,2025-08-06 20:35:09.136984+02,de,DE,True,0.0,True
1o1mni6es9me0bnq9q,,2025-08-06 20:58:01.502437+02,es,ES,False,28.3,False
1o1mni6es9me0cdmxt,,2025-08-06 21:14:24.24024+02,fr,FR,False,27.6,False
1o1mni6es9me0cqv6q,,2025-08-06 21:31:44.682725+02,fr,FR,False,32.8,False
1o1mni6es9me0demui,,2025-08-06 21:39:20.531133+02,fr,FR,False,11.8,False
1o1mni6es9me0ej6nj,anon+b0de190d983f@example.invalid,2025-08-06 22:32:29.852075+02,en,GB,True,49.96,True
1o1mni6es9me0etkvp,,2025-08-06 22:38:53.713101+02,fr,FR,False,25.8,False
1o1mni6es9me0etwjx,,2025-08-06 22:21:27.591372+02,fr,FR,False,18.7,False
1o1mni6es9me0f379h,,2025-08-06 22:38:12.563088+02,es,ES,False,21.3,False
1o1mni6es9me0gjomo,,2025-08-06 23:06:19.302663+02,en,GB,False,,False
1o1mni6es9me0gorjc,,2025-08-06 23:20:28.925097+02,fr,FR,False,18.8,False
1o1mni6es9me0gryxn,,2025-08-06 23:12:22.380933+02,en,GB,False,,False
1o1mni6es9me0gu84p,,2025-08-09 21:50:53.86685+02,fr,FR,False,23.91,False
1o1mni6es9me0hfl8c,,2025-08-06 23:30:44.82378+02,de,DE,False,,False
1o1mni6es9me0hntr1,anon+faa0f7cd5ed2@example.invalid,2025-08-06 23:47:10.350446+02,en,GB,True,20.4,True
1o1mni6es9me0hr6me,anon+3752146fca21@example.invalid,2025-08-06 23:46:46.67729+02,es,ES,True,,False
1o1mni6es9me0ibulz,anon+efad62763d0a@example.invalid,2025-08-07 19:12:00.773331+02,es,ES,True,24.8,True
1o1mni6es9me0ips33,,2025-08-07 00:16:26.985291+02,es,ES,False,28.3,False
1o1mni6es9me0isay6,,2025-08-07 00:08:36.959975+02,en,GB,False,,False
1o1mni6es9me0jiz46,anon+faadadf363cd@example.invalid,2025-08-07 00:42:42.867799+02,es,ES,True,,False
1o1mni6es9me0jms18,,2025-08-07 00:33:59.097131+02,en,GB,False,10.9,False
1o1mni6es9me0jqgzb,anon+ed12a242ef3e@example.invalid,2025-08-07 00:41:32.115287+02,es,ES,True,17.8,False
1o1mni6es9me0jve0g,,2025-08-07 00:55:51.040263+02,fr,FR,False,60.1,False
1o1mni6es9me0r1hyt,anon+5730239299cb@example.invalid,2025-08-07 04:03:14.106658+02,it,IT,True,14.8,False
1o1mni6es9me0xri3i,,2025-08-07 07:19:16.635567+02,fr,FR,False,0.0,False
1o1mni6es9me0z664r,,2025-08-07 07:50:05.10442+02,fr,FR,False,14.8,False
1o1mni6es9me10rsh0,anon+970c16f8adab@example.invalid,2025-08-07 08:50:19.544762+02,es,ES,True,21.3,False
1o1mni6es9me110242,anon+a24d0bf49ab6@example.invalid,2025-08-07 08:51:49.49376+02,fr,FR,True,0.0,True
1o1mni6es9me11ax0m,anon+8505c38e1eb8@example.invalid,2025-08-07 08:54:52.648184+02,de,DE,True,14.8,False
1o1mni6es9me11f41n,,2025-08-07 10:21:16.865829+02,en,GB,False,13.8,False
1o1mni6es9me11r880,anon+047ff319253c@example.invalid,2025-08-07 09:07:06.978202+02,fr,FR,True,10.42,True
1o1mni6es9me12wz70,anon+3d2e458d224c@example.invalid,2025-08-07 19:37:32.541462+02,de,DE,True,24.2,True
1o1mni6es9me14jpni,,2025-08-07 10:24:54.240726+02,es,ES,False,14.3,False
1o1mni6es9me14p0qe,anon+ae8118d25a69@example.invalid,2025-08-07 10:24:50.4469+02,it,IT,True,,True
1o1mni6es9me14tcbv,,2025-08-07 10:25:17.031018+02,en,GB,False,14.4,False
1o1mni6es9me14xd2w,anon+a4c39a28e88c@example.invalid,2025-08-07 10:30:50.371209+02,es,ES,True,13.8,True
1o1mni6es9me14yuzx,anon+70ad4acb3ce4@example.invalid,2025-08-07 10:39:46.951485+02,es,ES,True,31.8,True
1o1mni6es9me159tes,,2025-08-07 10:38:06.74838+02,en,GB,False,,False
1o1mni6es9me15isvt,,2025-08-07 10:45:05.300749+02,en,GB,False,0.0,False
1o1mni6es9me160gr8,,2025-08-07 10:59:09.841309+02,es,ES,False,,False
1o1mni6es9me173drv,,2025-08-07 11:35:18.660424+02,fr,FR,False,18.8,False
1o1mni6es9me17wl43,,2025-08-07 11:51:58.936378+02,es,ES,False,33.85,False
1o1mni6es9me180qpn,,2025-08-07 12:05:40.495313+02,sv,SE,False,726.0,False
1o1mni6es9me180qut,anon+d4492766b9de@example.invalid,2025-08-07 12:18:07.732603+02,fr,FR,True,0.0,True
1o1mni6es9me18ahj3,,2025-08-07 12:28:58.13074+02,es,ES,False,17.8,False
1o1mni6es9me18kzfy,,2025-08-07 12:20:48.755378+02,de,DE,False,11.8,False
1o1mni6es9me18v9ri,anon+1f85577cd3d8@example.invalid,2025-08-07 12:30:08.645883+02,es,ES,True,,False
1o1mni6es9me19khnm,anon+51a9e16aa0e7@example.invalid,2025-08-07 17:00:19.59342+02,es,ES,True,17.8,False
1o1mni6es9me19waqy,anon+4067fc8cd950@example.invalid,2025-08-07 12:49:30.449675+02,fr,FR,True,20.7,False
1o1mni6es9me1ad60k,anon+996280b3ce9c@example.invalid,2025-08-07 13:14:30.754136+02,fr,FR,True,18.8,False
1o1mni6es9me1aiyji,anon+68e26f78b5ad@example.invalid,2025-08-07 13:21:12.555195+02,fr,FR,True,25.8,True
1o1mni6es9me1bgxxg,,2025-08-07 13:39:27.632627+02,it,FR,False,24.2,False
1o1mni7n8qme1bs24d,anon+834594a317de@example.invalid,2025-08-07 13:58:17.941457+02,es,ES,True,38.3,True
1o1mni7n8qme1bvld0,,2025-08-07 13:44:04.995159+02,de,DE,False,18.9,False
1o1mni7n8qme1bytfg,anon+fc18304b7ccb@example.invalid,2025-08-07 14:08:17.671404+02,sv,SE,True,258.0,False
1o1mni7n8qme1c161a,anon+4b5ffc5406a8@example.invalid,2025-08-07 13:53:09.219855+02,fr,FR,True,,False
1o1mni7n8qme1cjuar,,2025-08-07 14:39:52.823599+02,de,DE,False,29.3,False
1o1mni7n8qme1cnyi4,,2025-08-07 14:10:18.418167+02,it,IT,False,22.3,False
1o1mni7n8qme1div1l,,2025-08-07 14:40:12.325691+02,en,GB,False,19.5,False
1o1mni7n8qme1fl1ct,,2025-08-07 15:36:30.496733+02,es,ES,False,39.6,False
1o1mni7n8qme1gmjsa,,2025-08-07 16:01:19.857908+02,es,ES,False,17.8,False
1o1mni7n8qme1h1eiw,,2025-08-07 16:08:28.435339+02,fr,FR,False,14.8,False
1o1mni7n8qme1hg04k,,2025-08-07 16:21:00.024541+02,fr,FR,False,,False
1o1mni7n8qme1hktd2,anon+6df0646eea5c@example.invalid,2025-08-07 16:46:38.029797+02,es,ES,True,,False
1o1mni7n8qme1jfqsp,,2025-08-07 17:15:38.629141+02,de,DE,False,,False
1o1mni7n8qme1k1o7c,,2025-08-07 17:33:44.300791+02,de,DE,False,21.85,False
1o1mni7n8qme1kdki7,,2025-08-07 17:43:29.563112+02,de,DE,False,14.85,False
1o1mni7n8qme1kn9m9,,2025-08-07 17:48:27.387886+02,en,GB,False,0.0,False
1o1mni7n8qme1lsy68,,2025-08-07 18:23:02.305095+02,fr,FR,False,0.0,False
1o1mni7n8qme1lw0ed,anon+1cfbc2e4f1c4@example.invalid,2025-08-07 18:40:23.401684+02,es,ES,True,21.3,False
1o1mni7n8qme1lx070,,2025-08-07 18:31:59.645366+02,en,GB,False,21.76,False
1o1mni7n8qme1mg1o3,,2025-08-07 18:40:36.382744+02,de,DE,False,25.6,False
1o1mni7n8qme1mjyvz,anon+6e7fe2da44b5@example.invalid,2025-08-10 12:32:11.035828+02,es,ES,True,,False
1o1mni7n8qme1nea0v,,2025-08-07 19:09:37.194204+02,de,DE,False,22.3,False
1o1mni7n8qme1nf10o,anon+29816e9a7c6a@example.invalid,2025-08-07 19:13:19.952305+02,fr,FR,True,24.2,False
1o1mni7n8qme1ngusf,anon+6b1df86990bd@example.invalid,2025-08-07 19:10:24.879196+02,fr,FR,True,18.8,False
1o1mni7n8qme1o840o,anon+2e79fb0774b0@example.invalid,2025-08-07 19:36:31.967237+02,es,ES,True,,False
1o1mni7n8qme1o9t3b,,2025-08-07 19:34:01.549622+02,es,ES,False,10.8,False
1o1mni7n8qme1oevb4,anon+2856327fe5e2@example.invalid,2025-08-07 19:38:57.56569+02,en,GB,True,,False
1o1mni7n8qme1of2xs,anon+9dbfab46a67a@example.invalid,2025-08-07 19:37:21.061819+02,es,ES,True,0.0,True
1o1mni7n8qme1pa0za,anon+ab46d0fb015a@example.invalid,2025-08-07 20:02:16.814647+02,de,DE,True,,False
1o1mni7n8qme1pooto,anon+ccdf99c45531@example.invalid,2025-08-07 20:20:06.898876+02,de,DE,True,23.8,True
1o1mni7n8qme1qjoim,anon+e4450d6c1cbc@example.invalid,2025-08-07 20:42:22.107548+02,fr,FR,True,29.3,True
1o1mni7n8qme1qudob,anon+9f5ce8bf2488@example.invalid,2025-08-07 21:07:35.942947+02,es,ES,True,,False
1o1mni7n8qme1r1fqg,anon+74e101f69e36@example.invalid,2025-08-07 20:52:19.015898+02,fr,FR,True,25.8,True
1o1mni7n8qme1rwwst,anon+0af5a9dac482@example.invalid,2025-08-07 21:19:32.848913+02,en,GB,True,,False
1o1mni7n8qme1sk01n,,2025-08-08 08:31:19.616384+02,fr,FR,False,25.8,False
1o1mni7n8qme1st4q0,,2025-08-07 21:36:57.712099+02,es,ES,False,0.0,False
1o1mni7n8qme1t3n66,,2025-08-07 21:45:10.111501+02,fr,FR,False,,False
1o1mni7n8qme1tjbh1,anon+aca4cce7f85c@example.invalid,2025-08-07 22:03:30.770286+02,es,ES,True,,False
1o1mni7n8qme1u2vyi,anon+bcc6f0f0d3ff@example.invalid,2025-08-07 22:13:57.532267+02,de,DE,True,23.8,False
1o1mni7n8qme1usbb5,anon+1ef53d697d70@example.invalid,2025-08-07 22:45:30.41545+02,en,GB,True,24.9,False
1o1mni7n8qme1vtlb9,anon+dd5c6b656e78@example.invalid,2025-08-07 23:10:40.162721+02,fr,FR,True,32.8,True
1o1mni7n8qme1vtoqo,,2025-08-07 23:11:02.494007+02,es,ES,False,28.3,False
1o1mni7n8qme1yop4t,,2025-08-08 00:21:30.010171+02,es,ES,False,0.0,False
1o1mni7n8qme21brbf,anon+ccfa97465510@example.invalid,2025-08-08 01:42:19.38708+02,en,GB,True,36.8,True
1o1mni7n8qme21f4sv,anon+7d1c9bb94b76@example.invalid,2025-08-08 14:33:48.369446+02,es,ES,True,41.8,True
1o1mni7n8qme27ws4s,,2025-08-08 04:46:49.828925+02,es,ES,True,24.8,False
1o1mni7n8qme2b9a22,,2025-08-08 06:14:47.388243+02,es,ES,False,13.85,False
1o1mni7n8qme2bzoxx,,2025-08-08 06:37:46.620063+02,es,ES,False,21.3,False
1o1mni7n8qme2csohe,,2025-08-12 21:22:25.035277+02,es,ES,False,0.0,False
1o1mni7n8qme2dterl,anon+b43f2c2c23f3@example.invalid,2025-08-08 07:44:14.467866+02,sv,SE,True,,False
1o1mni7n8qme2dy6hk,anon+e1f7b7f137f9@example.invalid,2025-08-08 07:30:39.955179+02,es,ES,True,28.3,True
1o1mni7n8qme2eve66,,2025-08-08 08:07:51.004893+02,de,DE,False,18.8,False
1o1mni7n8qme2f8s64,anon+a39ad39a831b@example.invalid,2025-08-08 08:25:12.980655+02,fr,FR,True,,False
1o1mni7n8qme2gn1xu,,2025-08-08 08:55:12.823438+02,fr,FR,False,38.2,False
1o1mni7n8qme2grwmr,,2025-08-08 11:29:59.813034+02,fr,FR,False,22.3,False
1o1mni7n8qme2gu2uu,anon+cfd4055f145c@example.invalid,2025-08-08 08:56:08.413576+02,fr,FR,True,29.3,True
1o1mni7n8qme2h10u4,anon+c12ca2737c3d@example.invalid,2025-08-08 09:04:24.492361+02,fr,FR,True,55.05,True
1o1mni7n8qme2h5r01,anon+1200e4c64082@example.invalid,2025-08-08 09:19:19.970496+02,fr,FR,True,15.3,True
1o1mni7n8qme2hxv93,,2025-08-08 09:27:03.025079+02,en,GB,True,0.0,True
1o1mni7n8qme2i789j,,2025-08-08 09:28:42.625457+02,es,ES,False,10.8,False
1o1mni7n8qme2ihvru,anon+7cfd41f63ea8@example.invalid,2025-08-08 09:43:22.117365+02,en,GB,True,39.14,False
1o1mni7n8qme2j4pmj,,2025-08-08 09:54:28.223963+02,de,DE,False,14.85,False
1o1mni7n8qme2jceic,,2025-08-08 10:13:04.919864+02,de,DE,False,20.7,False
1o1mni7n8qme2jcn20,,2025-08-08 10:01:56.14766+02,fr,FR,False,25.8,False
1o1mni7n8qme2jihuw,,2025-08-08 10:18:10.633569+02,it,IT,False,25.8,False
1o1mni7n8qme2jo7jj,anon+6f09da8839f5@example.invalid,2025-08-08 10:39:25.663934+02,de,DE,True,22.3,True
1o1mni7n8qme2k5fat,,2025-08-08 10:24:50.575976+02,en,GB,False,10.9,False
1o1mni7n8qme2kqtu8,anon+d04f0f043676@example.invalid,2025-08-08 10:51:04.265998+02,en,GB,True,,False
1o1mni7n8qme2lfurd,anon+32ac6797b5c5@example.invalid,2025-08-08 11:01:50.475109+02,es,ES,True,31.5,True
1o1mni7n8qme2ltm3h,,2025-08-08 11:15:55.888762+02,fr,FR,False,18.8,False
1o1mni7n8qme2mdm2u,,2025-08-08 11:24:42.932626+02,fr,IT,False,0.0,False
1o1mni7n8qme2mer2r,anon+f57ac9f07d31@example.invalid,2025-08-08 12:27:40.665001+02,es,ES,True,21.3,True
1o1mni7n8qme2mwgb6,anon+d7aeb169df51@example.invalid,2025-08-09 13:13:01.49016+02,es,ES,True,20.62,True
1o1mni7n8qme2nazya,anon+eee8bb92ba37@example.invalid,2025-08-08 11:52:28.505929+02,it,IT,True,11.8,True
1o1mni7n8qme2njsmm,,2025-08-08 12:00:00.153785+02,fr,FR,False,15.3,False
1o1mni7n8qme2on3uy,anon+1f6981e97980@example.invalid,2025-08-09 23:30:38.008731+02,es,ES,True,21.3,False
1o1mni7n8qme2otcyn,,2025-08-08 16:52:48.593094+02,es,ES,False,24.7,False
1o1mni7n8qme2owusy,anon+307a1893715f@example.invalid,2025-08-08 13:15:58.88572+02,es,ES,True,47.04,True
1o1mni7n8qme2oy7gl,,2025-08-08 12:40:10.306434+02,fr,FR,False,0.0,False
1o1mni7n8qme2oyd44,,2025-08-08 12:39:52.500442+02,es,ES,False,13.4,False
1o1mni7n8qme2oyy0l,anon+6774a8eabbe1@example.invalid,2025-08-08 12:39:49.083464+02,en,GB,True,,False
1o1mni7n8qme2pk4e2,,2025-08-08 12:59:07.76835+02,de,DE,False,24.8,False
1o1mni7n8qme2poljp,,2025-08-08 17:35:31.077804+02,en,GB,False,17.9,False
1o1mni7n8qme2q45zu,anon+c81e0cd0edce@example.invalid,2025-08-08 13:25:01.382809+02,es,ES,True,0.0,True
1o1mni7n8qme2q4nlc,anon+8f6a49aed99c@example.invalid,2025-08-08 13:10:17.827994+02,es,SE,True,0.0,True
1o1mni7n8qme2r8q6x,anon+4f21eee95580@example.invalid,2025-08-08 13:42:27.285487+02,es,ES,True,21.3,True
1o1mni7n8qme2rdiwl,anon+11c3b289bfe1@example.invalid,2025-08-08 13:47:23.833002+02,en,GB,True,27.4,True
1o1mni7n8qme2rybc4,,2025-08-08 14:13:40.108216+02,it,IT,False,25.2,False
1o1mni7n8qme2s7uxy,anon+747e3e169b0c@example.invalid,2025-08-08 14:32:41.898243+02,es,ES,True,0.0,False
1o1mni7n8qme2sk7tj,anon+e77cf04d9495@example.invalid,2025-08-08 14:23:51.838997+02,en,GB,True,,False
1o1mni7n8qme2tau4p,anon+fa15e804276b@example.invalid,2025-08-08 16:02:06.001241+02,en,GB,True,35.4,True
1o1mni7n8qme2tu0rd,,2025-08-08 14:56:06.336689+02,en,GB,False,17.9,False
1o1mni7n8qme2uurkc,,2025-08-08 15:36:44.942783+02,es,ES,False,41.8,False
1o1mni7n8qme2v3gaj,anon+9f066344e631@example.invalid,2025-08-08 15:28:46.0822+02,it,IT,True,0.0,False
1o1mni7n8qme2v3kmu,,2025-08-08 15:34:18.335601+02,it,IT,False,39.7,False
1o1mni7n8qme2vcy1m,,2025-08-08 15:41:52.909734+02,es,ES,False,0.0,False
1o1mni7n8qme2vqgy9,,2025-08-08 15:46:38.936259+02,es,ES,False,,False
1o1mni7n8qme2wybm3,,2025-08-08 16:29:15.346516+02,es,ES,False,0.0,False
1o1mni7n8qme2x033a,anon+8974d7673fbb@example.invalid,2025-08-08 16:42:30.684661+02,es,ES,True,32.7,True
1o1mni7n8qme2xgv3h,,2025-08-08 16:45:15.241473+02,fr,FR,False,29.5,False
1o1mni7n8qme2xq332,,2025-08-08 16:42:19.693216+02,fr,FR,False,0.0,False
1o1mni7n8qme2ypcul,anon+15a7374f7727@example.invalid,2025-08-08 17:22:32.907442+02,fr,FR,True,15.3,False
1o1mni7n8qme2z1h6z,anon+bd1fe69c2690@example.invalid,2025-08-08 17:44:20.342866+02,fr,FR,True,51.3,False
1o1mni7n8qme2zxcza,anon+f140aa2494e6@example.invalid,2025-08-08 17:55:07.364648+02,it,IT,True,18.8,False
1o1mni7n8qme30484z,anon+71e046b26641@example.invalid,2025-08-08 17:55:49.704897+02,it,IT,True,21.75,True
1o1mni7n8qme30bgi7,anon+f3ec185a4704@example.invalid,2025-08-08 18:15:40.009394+02,en,GB,True,17.9,True
1o1mni7n8qme30gj26,,2025-08-08 18:02:07.362613+02,en,GB,False,20.4,False
1o1mni7n8qme319e1c,,2025-08-08 18:24:32.783847+02,es,ES,False,,False
1o1mni7n8qme31kte3,,2025-08-08 18:38:45.342659+02,fr,FR,True,31.2,True
1o1mni7n8qme31mjhm,anon+465d8cba1a59@example.invalid,2025-08-08 20:20:17.008931+02,sv,SE,True,355.0,True
1o1mni7n8qme3248od,anon+4c59f64abdc8@example.invalid,2025-08-08 18:55:09.297348+02,fr,FR,True,22.3,True
1o1mni7n8qme3305ib,,2025-08-08 19:16:03.186126+02,en,GB,False,17.9,False
1o1mni7n8qme33dqsq,,2025-08-08 19:32:15.679395+02,es,ES,False,34.7,False
1o1mni7n8qme33ratr,,2025-08-08 19:32:50.458982+02,en,GB,False,10.9,False
1o1mni7n8qme34dft2,anon+f9c6d0c39c70@example.invalid,2025-08-08 20:00:58.298154+02,es,ES,True,31.7,True
1o1mni7n8qme35cta2,,2025-08-08 20:18:55.179765+02,fr,FR,False,18.8,False
1o1mni7n8qme35rj0f,anon+b2aedbbe3ff7@example.invalid,2025-08-08 20:39:38.936649+02,de,DE,True,46.7,True
1o1mni7n8qme36ot3m,,2025-08-08 20:54:05.990349+02,en,GB,False,0.0,False
1o1mni7n8qme381s6r,,2025-08-08 22:02:51.528437+02,fr,FR,False,27.22,False
1o1mni7n8qme383tue,,2025-08-08 21:34:51.791399+02,es,ES,False,38.7,False
1o1mni7n8qme38hn9q,,2025-08-08 21:46:27.383959+02,sv,SE,False,0.0,False
1o1mni7n8qme38knz6,,2025-08-08 21:50:17.303454+02,en,GB,True,,True
1o1mni7n8qme39etm1,anon+1d7d20bc8233@example.invalid,2025-08-08 22:31:44.200228+02,fr,FR,True,18.8,True
1o1mni7n8qme39nlsf,anon+ff292197e6a9@example.invalid,2025-08-08 22:21:26.496452+02,es,ES,True,17.8,True
1o1mni7n8qme39r3pn,,2025-08-11 14:50:27.520388+02,es,ES,False,13.85,False
1o1mni7n8qme3a6qe5,anon+be02065718ae@example.invalid,2025-08-08 22:45:02.067399+02,it,IT,True,25.8,True
1o1mni7n8qme3axve5,anon+1b875ec40f38@example.invalid,2025-08-08 23:04:04.571373+02,en,GB,True,,False
1o1mni7n8qme3bn1d8,anon+acc28de38d76@example.invalid,2025-08-08 23:26:06.577961+02,fr,FR,True,22.3,True
1o1mni7n8qme3c3ux1,,2025-08-09 00:02:20.50235+02,fr,FR,False,25.2,False
1o1mni7n8qme3dg6mx,,2025-08-09 00:05:35.18782+02,es,ES,False,28.2,False
1o1mni7n8qme3du5vs,,2025-08-09 00:18:19.980971+02,es,ES,False,0.0,False
1o1mni7n8qme3fio5m,,2025-08-09 01:03:31.622781+02,es,ES,True,28.3,False
1o1mni7n8qme3rb8t5,,2025-08-09 06:35:15.475188+02,es,ES,False,13.8,False
1o1mni7n8qme3rqyv7,,2025-08-12 07:36:11.40924+02,fr,FR,False,14.8,False
1o1mni7n8qme3slfcc,anon+b7eaae24c078@example.invalid,2025-08-09 07:18:58.718697+02,en,GB,True,,True
1o1mni7n8qme3t9gdh,,2025-08-09 07:37:27.659309+02,fr,FR,False,25.8,False
1o1mni7n8qme3vung8,anon+d93ff05fbfda@example.invalid,2025-08-12 02:19:14.948849+02,es,ES,True,0.0,True
1o1mni7n8qme3ww7tn,,2025-08-09 09:07:27.46784+02,es,ES,False,17.8,False
1o1mni7n8qme3xpqsd,anon+ebc9cb5df825@example.invalid,2025-08-11 10:16:20.246127+02,fr,FR,True,25.8,False
1o1mni7n8qme3xshwu,,2025-08-09 09:33:22.196191+02,fr,FR,False,0.0,False
1o1mni7n8qme3yyhrp,anon+356d4edba9d2@example.invalid,2025-08-09 10:26:11.342343+02,fr,FR,True,,False
1o1mni7n8qme3z4mdh,,2025-08-09 10:24:35.868382+02,es,ES,False,21.3,False
1o1mni7n8qme3zkm6k,anon+e07671458e8e@example.invalid,2025-08-09 10:34:28.618187+02,es,ES,True,,False
1o1mni7n8qme3zq6jn,anon+15364355391e@example.invalid,2025-08-09 10:30:12.122281+02,fr,FR,True,,False
1o1mni7n8qme40nbeh,,2025-08-09 10:56:24.590607+02,es,ES,False,35.2,False
1o1mni7n8qme40wwn1,anon+4377d4f97c04@example.invalid,2025-08-09 11:01:37.214487+02,de,DE,True,11.8,True
1o1mni7n8qme41gu8e,anon+c4e34e55bd1a@example.invalid,2025-08-09 11:27:02.846373+02,es,ES,True,,False
1o1mni7n8qme43cs1h,,2025-08-09 12:07:43.486518+02,es,ES,False,,False
1o1mni7n8qme43eev0,anon+b036524a9417@example.invalid,2025-08-09 12:13:10.764888+02,en,GB,True,17.9,False
1o1mni7n8qme43sgo9,anon+0b981468f4a8@example.invalid,2025-08-09 12:25:28.908822+02,es,ES,True,19.7,True
1o1mni7n8qme43up6a,,2025-08-09 12:27:05.147838+02,sv,SE,False,209.45,False
1o1mni7n8qme43vy4v,anon+ba7a75993cc0@example.invalid,2025-08-09 12:29:28.010324+02,en,GB,True,,False
1o1mni7n8qme446eul,,2025-08-09 12:39:39.240647+02,fr,FR,False,22.3,False
1o1mni7n8qme449cvo,,2025-08-09 12:44:33.998814+02,es,ES,False,21.3,False
1o1mni7n8qme44r99w,anon+ae2cba997d20@example.invalid,2025-08-09 12:54:10.707152+02,es,ES,True,,False
1o1mni7n8qme44z8if,anon+a4e34ee1b6eb@example.invalid,2025-08-09 13:08:08.851443+02,it,IT,True,32.7,True
1o1mni7n8qme45zp6u,anon+80d3ee9f3417@example.invalid,2025-08-09 13:27:43.134492+02,en,GB,True,17.9,False
1o1mni7n8qme46xdu6,,2025-08-09 13:48:38.835541+02,de,DE,False,14.85,False
1o1mni7n8qme46xl9l,anon+14a005cfa8fb@example.invalid,2025-08-10 11:11:38.790434+02,es,ES,True,41.7,True
1o1mni7n8qme47ddb5,anon+9ee25683db46@example.invalid,2025-08-09 14:08:30.648849+02,es,ES,True,0.0,True
1o1mni7n8qme482ngi,,2025-08-09 14:32:06.149479+02,fr,FR,False,15.3,False
1o1mni7n8qme488zdz,anon+a0ab78cfe4ea@example.invalid,2025-08-09 14:26:46.911099+02,de,DE,True,18.8,True
1o1mni7n8qme495sdc,,2025-08-09 14:50:14.97673+02,en,GB,False,0.0,False
1o1mni7n8qme49se8j,anon+46374d3ae98b@example.invalid,2025-08-09 15:21:55.959715+02,en,GB,True,24.9,True
1o1mni7n8qme4a1a9z,,2025-08-09 15:18:42.055176+02,es,ES,False,13.8,False
1o1mni7n8qme4ace2k,,2025-08-09 15:33:42.837584+02,it,IT,True,,True
1o1mni7n8qme4ahb0n,anon+14794050917b@example.invalid,2025-08-09 17:41:42.377253+02,fr,FR,True,,False
1o1mni7n8qme4b30rk,,2025-08-09 15:44:21.326819+02,de,DE,False,0.0,False
1o1mni7n8qme4bwjbc,,2025-08-09 16:35:09.258558+02,fr,FR,False,27.14,False
1o1mni7n8qme4c0pne,,2025-08-09 16:11:02.198755+02,fr,FR,False,14.85,False
1o1mni7n8qme4d59i9,anon+b64ee42354f8@example.invalid,2025-08-09 16:49:45.3299+02,es,ES,True,,False
1o1mni7n8qme4ddqe0,anon+93b26a060d64@example.invalid,2025-08-09 17:01:35.395285+02,fr,FR,True,70.65,True
1o1mni7n8qme4der6x,anon+7e4e6755a76b@example.invalid,2025-08-09 17:23:46.275093+02,fr,FR,True,25.8,True
1o1mni7n8qme4dhqsn,anon+ee7b49365077@example.invalid,2025-08-09 17:00:54.653175+02,es,ES,True,21.3,True
1o1mni7n8qme4e1ii5,anon+dc9ccea19f90@example.invalid,2025-08-09 17:20:34.000959+02,it,IT,True,17.8,False
1o1mni7n8qme4e6akt,,2025-08-09 17:16:23.954717+02,en,GB,True,32.5,False
1o1mni7n8qme4e6v5n,anon+65da9cd45ab8@example.invalid,2025-08-09 17:17:52.979727+02,en,GB,True,17.9,True
1o1mni7n8qme4euup1,,2025-08-09 17:34:04.406404+02,es,ES,False,17.8,False
1o1mni7n8qme4f2uaa,,2025-08-09 17:37:34.371595+02,es,ES,False,,False
1o1mni7n8qme4fb4y2,anon+14794050917b@example.invalid,2025-08-09 17:45:52.695163+02,fr,FR,True,0.0,True
1o1mni7n8qme4fdidc,anon+95284dec72e2@example.invalid,2025-08-09 17:45:47.842675+02,en,GB,True,21.4,True
1o1mni7n8qme4fwl8a,,2025-08-09 18:03:49.206678+02,es,ES,False,28.3,False
1o1mni7n8qme4fz0jh,anon+d3c499e07f56@example.invalid,2025-08-09 18:11:58.139366+02,fr,FR,True,29.3,True
1o1mni7n8qme4g1udj,,2025-08-09 18:07:10.652781+02,en,GB,False,10.9,False
1o1mni7n8qme4gcm4i,,2025-08-09 19:03:53.050703+02,en,GB,True,21.4,False
1o1mni7n8qme4gzi8v,anon+5379d82c202f@example.invalid,2025-08-09 18:45:06.911126+02,es,ES,True,20.8,False
1o1mni7n8qme4ha2hp,,2025-08-09 18:38:21.534116+02,fr,FR,False,15.4,False
1o1mni7n8qme4iea0z,anon+8e6b3064571d@example.invalid,2025-08-09 19:35:32.686362+02,en,GB,True,21.4,True
1o1mni7n8qme4ipqpw,,2025-08-09 19:25:50.97925+02,es,ES,False,48.8,False
1o1mni7n8qme4j1yoj,,2025-08-09 19:27:16.063483+02,es,ES,False,,False
1o1mni7n8qme4j57mm,anon+11160a787c09@example.invalid,2025-08-09 19:33:43.344297+02,sv,SE,True,,False
1o1mni7n8qme4kdsdx,anon+b7c268233a3b@example.invalid,2025-08-09 20:13:00.082684+02,es,ES,True,,False
1o1mni7n8qme4lajtf,anon+d9180c0decc8@example.invalid,2025-08-09 21:16:04.632895+02,de,DE,True,73.2,True
1o1mni7n8qme4lv75o,,2025-08-09 20:47:57.95514+02,en,GB,False,14.8,False
1o1mni7n8qme4mgcmv,,2025-08-09 21:03:53.735772+02,de,DE,False,15.4,False
1o1mni7n8qme4miovg,anon+46627d563430@example.invalid,2025-08-09 21:22:01.161322+02,de,DE,True,,False
1o1mni7n8qme4mpw7e,anon+1c0672ae61f7@example.invalid,2025-08-09 21:17:08.425457+02,en,GB,True,,False
1o1mni7n8qme4n7vr3,anon+610aeb7c5311@example.invalid,2025-08-10 18:14:35.263976+02,es,ES,True,,False
1o1mni7n8qme4o5qmq,anon+e911ccccd299@example.invalid,2025-08-09 21:56:54.607649+02,es,ES,True,41.2,True
1o1mni7n8qme4oxsgn,anon+270dfb589cba@example.invalid,2025-08-09 22:16:22.249508+02,es,ES,True,,False
1o1mni7n8qme4pgc8h,anon+32aa51e47ade@example.invalid,2025-08-09 22:34:56.592723+02,fr,FR,True,,False
1o1mni7n8qme4pjijy,anon+292cdb6723b8@example.invalid,2025-08-09 22:36:27.971027+02,sv,SE,True,,False
1o1mni7n8qme4r9080,,2025-08-09 23:30:11.496044+02,it,IT,False,22.3,False
1o1mni7n8qme4sxg8v,,2025-08-10 00:12:57.470362+02,es,ES,False,28.3,False
1o1mni7n8qme4tdqtq,anon+836fb9a63adb@example.invalid,2025-08-10 07:26:56.788163+02,es,ES,True,14.3,True
1o1mni7n8qme4tqazc,anon+378f75d5e503@example.invalid,2025-08-10 00:32:59.69792+02,en,GB,True,14.4,True
1o1mni7n8qme4tsc2i,anon+1f6981e97980@example.invalid,2025-08-10 00:27:40.029095+02,es,ES,True,3.5,True
1o1mni7n8qme4wclap,,2025-08-10 01:43:52.574217+02,es,ES,False,21.3,False
1o1mni7n8qme4yudcg,anon+9b996c83b4f5@example.invalid,2025-08-10 03:17:23.470398+02,fr,BE,True,25.8,True
1o1mni7n8qme56tys8,,2025-08-10 06:34:25.56971+02,fr,FR,False,16.7,False
1o1mni7n8qme593xyt,,2025-08-10 07:42:50.489001+02,es,ES,False,57.99,False
1o1mni7n8qme593zt6,,2025-08-10 07:37:27.411562+02,es,ES,False,14.4,False
1o1mni7n8qme59rqwk,,2025-08-10 08:07:04.457141+02,fr,FR,False,22.3,False
1o1mni7n8qme5a7mxp,anon+7e2e4dd28c96@example.invalid,2025-08-10 08:12:44.922585+02,fr,FR,True,,False
1o1mni7n8qme5a96fh,anon+17b4ef4bbb2a@example.invalid,2025-08-10 08:51:12.550583+02,fr,FR,True,33.7,True
1o1mni7n8qme5aatla,anon+7c8e51a90251@example.invalid,2025-08-10 08:11:57.153653+02,en,GB,True,30.9,False
1o1mni7n8qme5b5f0l,anon+b0ab890543af@example.invalid,2025-08-10 08:42:45.857568+02,en,GB,True,,False
1o1mni7n8qme5b6z4z,,2025-08-10 08:46:01.593389+02,it,IT,False,16.7,False
1o1mni7n8qme5bdfvv,,2025-08-10 08:40:14.378112+02,es,ES,False,17.8,False
1o1mni7n8qme5c2d58,,2025-08-10 09:00:55.348694+02,es,ES,False,48.14,False
1o1mni7n8qme5c52ve,,2025-08-10 09:01:27.153735+02,en,GB,False,,False
1o1mni7n8qme5cwtp8,anon+d7179f6b0e28@example.invalid,2025-08-10 09:23:35.258863+02,es,ES,True,17.82,False
1o1mni7n8qme5d97lr,,2025-08-10 09:37:02.023906+02,it,IT,False,0.0,False
1o1mni7n8qme5dbq04,,2025-08-10 09:42:53.032818+02,en,GB,False,24.9,False
1o1mni7n8qme5dg6x9,,2025-08-10 10:01:09.684539+02,it,IT,False,16.7,False
1o1mni7n8qme5dij9e,,2025-08-10 09:43:37.143816+02,es,ES,False,21.3,False
1o1mni7n8qme5dj0zy,,2025-08-10 09:49:16.836778+02,es,ES,False,24.8,False
1o1mni7n8qme5dspnj,,2025-08-10 09:50:07.100391+02,es,ES,False,13.8,False
1o1mni7n8qme5dyudl,,2025-08-10 11:21:08.607756+02,fr,FR,True,,True
1o1mni7n8qme5edtgc,anon+a70ef1b7a072@example.invalid,2025-08-10 10:07:34.436072+02,fr,CH,True,0.0,True
1o1mni7n8qme5ei4r2,,2025-08-10 13:02:28.021217+02,it,IT,False,39.7,False
1o1mni7n8qme5exviu,anon+47fe31b86584@example.invalid,2025-08-10 10:49:02.871059+02,en,GB,True,,True
1o1mni7n8qme5fe6nd,,2025-08-10 10:42:30.072597+02,en,GB,False,37.0,False
1o1mni7n8qme5fp94e,anon+bf6529dda29a@example.invalid,2025-08-11 23:00:45.695633+02,es,ES,True,,True
1o1mni7n8qme5g3msh,,2025-08-10 10:55:44.262407+02,de,DE,False,32.8,False
1o1mni7n8qme5gtiw1,,2025-08-10 11:23:29.748609+02,es,ES,False,,False
1o1mni7n8qme5h1dvx,anon+a60811efba7c@example.invalid,2025-08-10 11:24:00.056545+02,en,GB,True,25.9,False
1o1mni7n8qme5hitps,anon+fd5cb2f7fd7a@example.invalid,2025-08-10 11:35:34.491722+02,en,GB,True,,False
1o1mni7n8qme5hki7i,anon+3ddf983adb85@example.invalid,2025-08-10 11:49:02.663705+02,es,ES,True,0.0,False
1o1mni7n8qme5hqjn0,anon+fd5cb2f7fd7a@example.invalid,2025-08-11 19:26:38.410578+02,en,GB,True,17.9,False
1o1mni7n8qme5huthk,,2025-08-10 11:46:20.410154+02,fr,FR,True,,True
1o1mni7n8qme5i9di3,anon+a01d6ea5c683@example.invalid,2025-08-10 12:04:02.545741+02,fr,FR,True,36.3,False
1o1mni7n8qme5izzoi,,2025-08-10 12:14:34.428675+02,de,DE,False,,False
1o1mni7n8qme5jqkjc,,2025-08-10 13:04:17.305963+02,fr,FR,False,,False
1o1mni7n8qme5jsv4j,anon+da9d082dd16e@example.invalid,2025-08-10 12:38:15.855578+02,fr,FR,True,42.7,True
1o1mni7n8qme5kbzkm,anon+f699d3566a2d@example.invalid,2025-08-10 13:09:46.979195+02,de,DE,True,,False
1o1mni7n8qme5kj7zn,anon+5eb9cd97bf80@example.invalid,2025-08-10 13:02:43.787868+02,es,ES,True,21.3,False
1o1mni7n8qme5l4vgy,anon+0c9db1367d38@example.invalid,2025-08-10 13:14:02.363308+02,en,GB,True,,False
1o1mni7n8qme5la921,,2025-08-10 13:29:42.184029+02,en,GB,False,24.9,False
1o1mni7n8qme5lk5g3,,2025-08-10 13:26:37.525353+02,en,GB,False,28.9,False
1o1mni7n8qme5mtjhl,,2025-08-10 14:11:05.451808+02,it,IT,True,,True
1o1mni7n8qme5n501o,anon+8b30df04e012@example.invalid,2025-08-10 14:15:29.07585+02,en,GB,True,,False
1o1mni7n8qme5nb65r,anon+bca3799ed375@example.invalid,2025-08-10 14:18:57.961007+02,it,IT,True,25.8,True
1o1mni7n8qme5oaiae,anon+a22d2143c704@example.invalid,2025-08-11 11:21:16.611717+02,it,IT,True,25.8,False
1o1mni7n8qme5or28q,anon+7c6d36c82c90@example.invalid,2025-08-10 14:57:51.369744+02,es,ES,True,,False
1o1mni7n8qme5p5779,anon+b77a37e2e05d@example.invalid,2025-08-10 15:05:32.085257+02,fr,FR,True,0.0,True
1o1mni7n8qme5pujzn,anon+1781b67d1783@example.invalid,2025-08-10 15:32:47.781845+02,fr,BE,True,25.8,False
1o1mni7n8qme5qd3yj,,2025-08-10 15:44:00.459217+02,en,GB,False,17.9,False
1o1mni7n8qme5r350o,anon+46fd182c872f@example.invalid,2025-08-10 16:16:28.761324+02,es,ES,True,21.3,True
1o1mni7n8qme5rb9hc,,2025-08-10 16:07:05.08443+02,en,GB,False,33.41,False
1o1mni7n8qme5rmpyn,anon+8f0b81fe9703@example.invalid,2025-08-10 16:23:21.598369+02,en,GB,True,14.4,True
1o1mni7n8qme5rumio,,2025-08-10 16:52:48.180621+02,fr,FR,False,0.0,False
1o1mni7n8qme5slic6,,2025-08-10 16:52:35.722184+02,it,IT,False,22.3,False
1o1mni7n8qme5szxeb,anon+026f35e6d79d@example.invalid,2025-08-10 17:07:43.968755+02,en,GB,True,17.9,True
1o1mni7n8qme5t0ly3,anon+7fd9992551d9@example.invalid,2025-08-10 17:15:00.633723+02,es,ES,True,41.8,True
1o1mni7n8qme5t2gbv,anon+93721e05c109@example.invalid,2025-08-10 16:56:22.096003+02,en,GB,True,,False
1o1mni7n8qme5t2z3l,,2025-08-10 16:55:41.882149+02,es,ES,False,0.0,False
1o1mni7n8qme5t4n4b,,2025-08-10 16:56:59.560802+02,fr,FR,False,,False
1o1mni7n8qme5tacwo,anon+32fac893853f@example.invalid,2025-08-10 17:08:48.338761+02,en,GB,True,21.4,True
1o1mni7n8qme5trxm4,anon+f2dd359c77c8@example.invalid,2025-08-10 17:19:56.857866+02,fr,FR,True,55.6,False
1o1mni7n8qme5ulncv,,2025-08-10 19:48:26.998898+02,es,ES,False,15.02,False
1o1mni7n8qme5v7liq,,2025-08-10 18:17:46.239364+02,fr,FR,False,22.3,False
1o1mni7n8qme5vojua,anon+32247e506dc6@example.invalid,2025-08-10 18:12:55.686212+02,fr,FR,True,,False
1o1mni7n8qme5vvi93,,2025-08-10 18:15:55.131591+02,de,DE,False,14.85,False
1o1mni7n8qme5vwzj8,anon+f6c7978ce909@example.invalid,2025-08-10 18:23:22.118607+02,de,DE,True,0.0,True
1o1mni7n8qme5vxn5w,anon+610aeb7c5311@example.invalid,2025-08-10 18:18:23.27672+02,es,ES,True,,False
1o1mni7n8qme5wjg7t,,2025-08-10 18:40:40.778144+02,fr,FR,False,24.7,False
1o1mni7n8qme5wuju8,,2025-08-14 19:31:33.098161+02,en,GB,False,,True
1o1mni7n8qme5x2gpe,anon+8076fabfb431@example.invalid,2025-08-10 18:54:55.643714+02,fr,FR,True,22.3,True
1o1mni7n8qme5xaxuk,anon+086ec13cca44@example.invalid,2025-08-10 19:05:05.935658+02,es,ES,True,17.82,True
1o1mni7n8qme5xumd8,anon+339f1e374eac@example.invalid,2025-08-10 19:15:13.624195+02,en,GB,True,21.4,True
1o1mni7n8qme5xvx84,,2025-08-10 19:12:10.964036+02,fr,FR,False,15.4,False
1o1mni7n8qme5yryrl,,2025-08-12 00:35:22.528485+02,es,ES,False,0.0,False
1o1mni7n8qme5yxgo7,,2025-08-10 19:46:20.391245+02,es,ES,False,0.0,False
1o1mni7n8qme5z8zc9,anon+8e4929dffdcd@example.invalid,2025-08-10 19:49:22.504304+02,es,ES,True,13.85,False
1o1mni7n8qme6023ug,anon+471634365953@example.invalid,2025-08-10 20:25:51.74602+02,en,GB,True,24.9,True
1o1mni7n8qme6081h2,anon+76705a664af0@example.invalid,2025-08-10 20:34:49.80222+02,fr,FR,True,18.8,True
1o1mni7n8qme60kx8y,anon+416d4bdfc7c9@example.invalid,2025-08-10 20:29:12.650575+02,en,GB,True,35.4,False
1o1mni7n8qme61aaim,anon+5d016a28f648@example.invalid,2025-08-10 21:59:24.088568+02,fr,FR,True,25.8,True
1o1mni7n8qme62ccpp,anon+725e47cb51de@example.invalid,2025-08-10 21:31:20.37833+02,es,ES,True,17.8,True
1o1mni7n8qme633vbo,anon+d671361f9240@example.invalid,2025-08-10 21:42:40.713+02,es,ES,True,0.0,True
1o1mni7n8qme634ndk,,2025-08-16 08:57:23.554149+02,en,GB,False,28.4,False
1o1mni7n8qme636sn7,anon+47fe31b86584@example.invalid,2025-08-10 21:38:36.499465+02,en,GB,True,0.0,False
1o1mni7n8qme63co1e,,2025-08-10 21:45:09.663821+02,de,DE,False,14.85,False
1o1mni7n8qme640bfs,,2025-08-10 22:07:48.62636+02,it,IT,False,,False
1o1mni7n8qme642nmj,anon+afd5ba0f757c@example.invalid,2025-08-10 22:18:25.211133+02,sv,SE,True,395.8,True
1o1mni7n8qme64p94z,,2025-08-10 22:29:56.835595+02,fr,FR,False,,False
1o1mni7n8qme65k6qk,,2025-08-10 22:46:28.280322+02,es,ES,False,13.85,False
1o1mni7n8qme65rmhk,anon+18bffcb2f2d1@example.invalid,2025-08-10 23:03:50.831818+02,en,GB,True,17.9,True
1o1mni7n8qme661bnm,anon+8cb6fba494b5@example.invalid,2025-08-10 23:52:20.598227+02,es,ES,True,44.4,True
1o1mni7n8qme664hnw,,2025-08-10 23:10:34.133568+02,es,ES,False,13.85,False
1o1mni7n8qme66gji6,anon+66bae6606bba@example.invalid,2025-08-10 23:31:02.371688+02,sv,SE,True,153.0,True
1o1mni7n8qme67gc1y,anon+55a8cfa5f5a9@example.invalid,2025-08-10 23:39:55.676559+02,es,ES,True,15.02,False
1o1mni7n8qme68bcvj,anon+f895ea3553ef@example.invalid,2025-08-11 00:04:32.386703+02,en,US,True,32.8,False
1o1mni7n8qme68vzd6,anon+2484b288eead@example.invalid,2025-08-11 00:25:02.968386+02,es,ES,True,,False
1o1mni7n8qme69z0dc,anon+ce4ad44c60d1@example.invalid,2025-08-11 00:57:03.25978+02,de,DE,True,22.3,True
1o1mni7n8qme6bhrzk,anon+d175201f692c@example.invalid,2025-08-11 01:50:55.473+02,en,GB,True,24.9,True
1o1mni7n8qme6cdxag,,2025-08-11 01:58:37.144475+02,es,ES,False,13.8,False
1o1mni7n8qme6h3a8n,,2025-08-11 04:07:53.834988+02,es,ES,False,0.0,False
1o1mni7n8qme6icu50,,2025-08-11 04:43:13.604614+02,fr,FR,False,0.0,False
1o1mni7n8qme6kbqop,,2025-08-11 05:38:22.071392+02,en,GB,False,,False
1o1mni7n8qme6kj1hn,,2025-08-11 05:44:01.801624+02,en,GB,False,,False
1o1mni7n8qme6n17ge,,2025-08-11 07:28:25.388772+02,es,ES,False,21.3,False
1o1mni7n8qme6ny3ud,anon+f3c75be46018@example.invalid,2025-08-11 07:20:33.752864+02,de,DE,True,31.74,True
1o1mni7n8qme6o4g0e,,2025-08-11 07:28:34.530555+02,it,IT,False,0.0,False
1o1mni7n8qme6oy97o,,2025-08-11 07:53:58.192967+02,en,GB,False,34.4,False
1o1mni7n8qme6oyene,anon+474528f8e1fa@example.invalid,2025-08-11 07:59:48.086972+02,en,GB,True,17.9,False
1o1mni7n8qme6plgqt,anon+4a56a36d2bc6@example.invalid,2025-08-11 08:07:22.678599+02,en,GB,True,,False
1o1mni7n8qme6pvo3q,,2025-08-11 08:37:58.09426+02,es,ES,False,38.7,False
1o1mni7n8qme6qbr9e,anon+4e37b15de87b@example.invalid,2025-08-11 08:30:56.386159+02,sv,SE,True,118.0,False
1o1mni7n8qme6qh6cc,,2025-08-11 08:30:32.161703+02,en,GB,False,,False
1o1mni7n8qme6qkq2w,,2025-08-11 08:39:51.179376+02,it,IT,False,11.8,False
1o1mni7n8qme6qp1wj,,2025-08-11 08:36:58.576173+02,es,ES,False,23.75,False
1o1mni7n8qme6re147,anon+37197fe41dff@example.invalid,2025-08-11 09:05:26.090486+02,en,GB,True,0.0,True
1o1mni7n8qme6rvu75,anon+75d3a732609b@example.invalid,2025-08-11 09:21:25.289205+02,de,DE,True,29.3,False
1o1mni7n8qme6sdj2h,anon+1781b67d1783@example.invalid,2025-08-11 09:26:52.995651+02,fr,BE,True,25.8,True
1o1mni7n8qme6smps6,,2025-08-11 09:40:25.99231+02,fr,FR,False,22.3,False
1o1mni7n8qme6spjhl,,2025-08-11 09:42:26.409153+02,en,FR,False,0.0,False
1o1mni7n8qme6spkt4,anon+8278bbfbbaaa@example.invalid,2025-08-11 09:59:49.3032+02,fr,FR,True,29.3,True
1o1mni7n8qme6tgxjg,,2025-08-11 09:56:26.442818+02,it,IT,False,11.8,False
1o1mni7n8qme6udi4d,anon+4a82eb44e9b5@example.invalid,2025-08-12 03:14:03.415031+02,es,ES,True,23.6,True
1o1mni7n8qme6vcbi7,,2025-08-11 11:11:06.7847+02,es,ES,True,14.3,True
1o1mni7n8qme6voff6,anon+0be66821f0b1@example.invalid,2025-08-11 11:07:08.331364+02,de,DE,True,22.3,False
1o1mni7n8qme6ws3iz,anon+de253f0c8973@example.invalid,2025-08-11 11:29:57.951412+02,es,ES,True,24.8,False
1o1mni7n8qme6wt81u,anon+01da928329ab@example.invalid,2025-08-11 11:31:19.072673+02,fr,FR,True,-5.0,False
1o1mni7n8qme6x3fag,anon+474528f8e1fa@example.invalid,2025-08-11 11:35:47.969452+02,en,GB,True,-1.95,True
1o1mni7n8qme6xua7f,anon+e26c72898260@example.invalid,2025-08-11 12:07:13.280963+02,es,ES,True,,False
1o1mni7n8qme6yease,anon+15b2c2234740@example.invalid,2025-08-11 12:24:16.434543+02,en,GB,True,0.0,True
1o1mni7n8qme6yxgh7,,2025-08-11 12:30:23.910512+02,es,ES,False,43.6,False
1o1mni7n8qme6zall4,,2025-08-11 12:37:46.021073+02,fr,FR,False,,False
1o1mni7n8qme6zkwio,anon+667678928b18@example.invalid,2025-08-11 12:52:51.297674+02,de,DE,True,0.0,True
1o1mni7n8qme70c831,,2025-08-11 13:26:04.222668+02,de,DE,False,22.3,False
1o1mni7n8qme70dfh5,,2025-08-11 13:11:18.162706+02,fr,FR,False,15.4,False
1o1mni7n8qme70y3qi,anon+e5f981c5c530@example.invalid,2025-08-11 13:31:12.972025+02,sv,SE,True,153.0,False
1o1mni7n8qme7137ms,anon+d488756385e8@example.invalid,2025-08-11 13:41:45.092859+02,fr,FR,True,39.7,True
1o1mni7n8qme71aoha,,2025-08-11 13:36:58.677544+02,en,GB,False,23.4,False
1o1mni7n8qme71u6x5,anon+4314dbbf56ee@example.invalid,2025-08-11 14:03:15.759126+02,en,GB,True,9.8,True
1o1mni7n8qme725xie,,2025-08-11 14:02:29.92848+02,fr,FR,False,11.8,False
1o1mni7n8qme72kopw,,2025-08-11 14:10:49.513665+02,es,ES,False,30.3,False
1o1mni7n8qme72sff5,,2025-08-11 14:27:39.412849+02,fr,FR,False,25.8,False
1o1mni7n8qme72vdqr,,2025-08-11 14:17:30.593358+02,es,ES,False,16.4,False
1o1mni7n8qme736g1a,,2025-08-11 14:38:49.517785+02,fr,FR,False,16.02,False
1o1mni7n8qme73mo19,anon+8f25f1eb8e07@example.invalid,2025-08-11 14:41:21.251266+02,de,DE,True,14.85,False
1o1mni7n8qme73oiea,anon+e4ec6bf57ee3@example.invalid,2025-08-11 14:45:18.00864+02,fr,FR,True,14.8,True
1o1mni7n8qme73vqbb,anon+6778b5cbbcdc@example.invalid,2025-08-11 14:54:43.747605+02,es,ES,True,0.0,False
1o1mni7n8qme740osx,,2025-08-11 14:53:05.259322+02,it,IT,False,0.0,False
1o1mni7n8qme74o3ou,anon+bba84a6559cd@example.invalid,2025-08-11 15:12:25.219355+02,es,ES,True,17.8,True
1o1mni7n8qme74od18,,2025-08-11 15:09:22.874253+02,fr,FR,False,14.8,False
1o1mni7n8qme74qwzm,anon+a7217f5368bb@example.invalid,2025-08-11 15:17:50.493016+02,de,DE,True,25.8,False
1o1mni7n8qme752xij,,2025-08-11 15:19:22.137627+02,de,DE,False,0.0,False
1o1mni7n8qme75nnrx,anon+e45eaa10fc99@example.invalid,2025-08-11 15:40:33.766445+02,sv,SE,True,,False
1o1mni7n8qme76420m,anon+41c446be536e@example.invalid,2025-08-11 16:11:45.250307+02,es,ES,True,41.8,True
1o1mni7n8qme764a3c,anon+0b9e016733bf@example.invalid,2025-08-11 15:49:55.560819+02,es,ES,True,13.8,False
1o1mni7n8qme76je57,,2025-08-11 16:17:23.419617+02,es,ES,False,31.8,False
1o1mni7n8qme76muxd,anon+a4bd331a04dc@example.invalid,2025-08-11 16:13:32.457755+02,es,ES,True,,False
1o1mni7n8qme776ihx,anon+d9cd132f0fb1@example.invalid,2025-08-11 16:42:44.775625+02,en,GB,True,28.4,False
1o1mni7n8qme77gru0,anon+33041aec9b06@example.invalid,2025-08-11 16:36:38.764935+02,en,GB,True,46.39,True
1o1mni7n8qme77ljsk,,2025-08-11 16:34:49.708952+02,fr,FR,False,18.8,False
1o1mni7n8qme77lop6,,2025-08-14 22:00:44.042215+02,fr,FR,False,12.85,False
1o1mni7n8qme77rno4,anon+e45eaa10fc99@example.invalid,2025-08-11 16:47:51.527827+02,sv,SE,True,,True
1o1mni7n8qme77tw91,anon+b2cb8b191397@example.invalid,2025-08-11 17:17:22.774764+02,es,ES,True,24.8,True
1o1mni7n8qme78ndd3,anon+ea75e3427f6c@example.invalid,2025-08-11 17:04:39.005726+02,es,ES,True,21.3,True
1o1mni7n8qme79gqus,,2025-08-15 16:42:16.467237+02,fr,FR,False,15.3,False
1o1mni7n8qme79jlw5,anon+3a69a5040703@example.invalid,2025-08-11 19:04:54.554165+02,de,DE,True,,False
1o1mni7n8qme79o34s,anon+3272c35224a6@example.invalid,2025-08-11 17:43:23.354147+02,fr,FR,True,25.8,True
1o1mni7n8qme79xbu8,anon+392122b63491@example.invalid,2025-08-19 12:59:02.45148+02,en,GB,True,,False
1o1mni7n8qme7amrdr,,2025-08-11 18:04:18.644255+02,en,GB,False,,False
1o1mni7n8qme7ao7zv,,2025-08-11 18:10:09.474422+02,es,ES,False,32.7,False
1o1mni7n8qme7bf5ae,anon+b7fecdb73380@example.invalid,2025-08-12 21:57:26.804577+02,es,ES,True,,False
1o1mni7n8qme7bjlym,anon+e7abc8c2c4b8@example.invalid,2025-08-11 18:21:06.622373+02,fr,FR,True,20.7,True
1o1mni7n8qme7bki7f,,2025-08-11 18:23:49.288881+02,es,ES,False,0.0,False
1o1mni7n8qme7blfx4,anon+808cbe36711d@example.invalid,2025-08-11 18:30:20.100977+02,fr,FR,True,,False
1o1mni7n8qme7cppq2,anon+6c7bec3e04cf@example.invalid,2025-08-15 16:54:42.715821+02,en,GB,True,21.4,True
1o1mni7n8qme7d8c1y,,2025-08-12 10:47:29.388034+02,de,CH,False,,False
1o1mni7n8qme7djv45,,2025-08-11 19:20:29.170558+02,es,ES,False,13.8,False
1o1mni7n8qme7dlfg3,,2025-08-11 19:28:06.299979+02,fr,FR,False,18.8,False
1o1mni7n8qme7dm4df,anon+90a425f80963@example.invalid,2025-08-11 19:20:07.299406+02,en,GB,True,24.9,True
1o1mni7n8qme7dzall,anon+9f37e300c530@example.invalid,2025-08-11 19:42:32.641482+02,es,ES,True,41.1,True
1o1mni7n8qme7e229e,anon+7feba8ed5b7f@example.invalid,2025-08-11 19:35:21.011264+02,fr,FR,True,,False
1o1mni7n8qme7e4sv1,,2025-08-11 19:49:56.751662+02,es,ES,False,0.0,False
1o1mni7n8qme7ejheh,anon+cd89a41aa9d9@example.invalid,2025-08-11 19:53:19.774127+02,en,GB,True,,False
1o1mni7n8qme7eov5g,anon+e2263eeb955e@example.invalid,2025-08-13 08:49:21.127217+02,de,DE,True,0.0,True
1o1mni7n8qme7etp1j,,2025-08-11 19:52:11.126677+02,es,ES,False,,False
1o1mni7n8qme7f6n27,anon+8bec0a179e23@example.invalid,2025-08-11 20:03:37.085352+02,en,GB,True,21.4,False
1o1mni7n8qme7fj3pk,anon+2aa7b607eef1@example.invalid,2025-08-11 20:16:07.914912+02,en,GB,True,,False
1o1mni7n8qme7fumcp,anon+d1aa0c6296ad@example.invalid,2025-08-11 21:30:15.781333+02,en,GB,True,,False
1o1mni7n8qme7fv45a,anon+d1aa0c6296ad@example.invalid,2025-08-11 21:31:01.712132+02,de,DE,True,,False
1o1mni7n8qme7g5zf3,,2025-08-11 20:29:40.067087+02,en,GB,False,,False
1o1mni7n8qme7gkhqs,,2025-08-11 20:55:17.426735+02,es,ES,False,21.3,False
1o1mni7n8qme7gmh2l,,2025-08-11 20:44:21.881455+02,fr,FR,False,14.4,False
1o1mni7n8qme7ih0u2,,2025-08-11 21:42:36.856624+02,fr,FR,False,15.3,False
1o1mni7n8qme7jykhe,,2025-08-11 22:15:55.760256+02,en,GB,False,0.0,False
1o1mni7n8qme7k4174,,2025-08-11 22:26:34.545678+02,de,DE,False,25.8,False
1o1mni7n8qme7k7gx6,,2025-08-11 22:24:35.436089+02,es,ES,False,59.7,False
1o1mni7n8qme7l7cn2,,2025-08-11 22:52:43.158041+02,es,ES,False,,False
1o1mni7n8qme7lm96a,anon+ca572c3765ae@example.invalid,2025-08-11 23:35:54.149334+02,es,ES,True,0.0,False
1o1mni7n8qme7o3jxf,,2025-08-12 00:14:53.880078+02,sv,SE,False,,False
1o1mni7n8qme7qqjmg,anon+2d3be3ee303d@example.invalid,2025-08-12 01:44:44.96549+02,es,ES,True,17.82,True
1o1mni7n8qme7xhccl,anon+b8b0031db2c9@example.invalid,2025-08-12 05:00:31.044528+02,fr,FR,True,18.8,False
1o1mni7n8qme7yqixs,anon+b8b0031db2c9@example.invalid,2025-08-13 15:33:19.984344+02,fr,FR,True,20.7,False
1o1mni7n8qme7zxxnq,,2025-08-12 05:50:43.828022+02,es,ES,False,0.0,False
1o1mni7n8qme83dl3h,,2025-08-12 07:21:19.509543+02,fr,FR,False,0.0,False
1o1mni7n8qme84etg2,anon+5f78d5ecbd2e@example.invalid,2025-08-12 07:58:05.075404+02,fr,FR,True,0.0,True
1o1mni7n8qme84r6xz,,2025-08-12 08:00:45.253967+02,de,DE,False,17.4,False
1o1mni7n8qme850bkh,,2025-08-12 08:07:16.732006+02,de,DE,False,,False
1o1mni7n8qme85ume8,,2025-08-12 08:28:39.419526+02,it,IT,False,,False
1o1mni7n8qme86nksn,,2025-08-12 09:01:21.772601+02,it,IT,False,14.8,False
1o1mni7n8qme87awu1,,2025-08-12 09:33:05.072891+02,fr,FR,False,25.8,False
1o1mni7n8qme87pnoj,,2025-08-12 09:27:48.00161+02,en,GB,False,21.4,False
1o1mni7n8qme8869pb,anon+30797e633a2d@example.invalid,2025-08-12 09:41:50.300819+02,en,GB,True,29.4,True
1o1mni7n8qme88azw1,anon+5b2a6e3aebb5@example.invalid,2025-08-12 09:47:00.97776+02,de,DE,True,,False
1o1mni7n8qme88b6l5,,2025-08-12 15:37:56.019561+02,fr,FR,False,0.0,False
1o1mni7n8qme88nt3k,,2025-08-12 09:48:27.47467+02,es,ES,False,16.4,False
1o1mni7n8qme898cpb,anon+009759abf2b6@example.invalid,2025-08-12 10:05:19.601021+02,en,GB,True,16.4,False
1o1mni7n8qme89bbhm,anon+19c58b5f3512@example.invalid,2025-08-12 15:48:56.797564+02,es,ES,True,24.8,True
1o1mni7n8qme89gtlj,anon+839b02ceb027@example.invalid,2025-08-12 10:22:14.827364+02,es,ES,True,,False
1o1mni7n8qme89iop0,,2025-08-12 10:13:20.645817+02,es,ES,False,14.4,False
1o1mni7n8qme89izlv,anon+660753252582@example.invalid,2025-08-12 10:34:25.487788+02,es,ES,True,38.7,False
1o1mni7n8qme89u11m,anon+556750a5fde3@example.invalid,2025-08-12 10:58:39.948035+02,fr,FR,True,27.7,False
1o1mni7n8qme89ymy8,,2025-08-12 10:26:19.525963+02,en,GB,False,14.4,False
1o1mni7n8qme8a6djx,,2025-08-12 10:36:47.447217+02,en,GB,False,31.9,False
1o1mni7n8qme8ae9ia,anon+71319862102e@example.invalid,2025-08-12 10:42:25.85562+02,fr,FR,True,22.3,False
1o1mni7n8qme8ag5oq,anon+d9180c0decc8@example.invalid,2025-08-12 10:37:22.783739+02,de,DE,True,0.0,False
1o1mni7n8qme8aiq7i,,2025-08-12 10:41:44.408129+02,fr,FR,False,14.85,False
1o1mni7n8qme8bvt1l,anon+9d1dd83e477e@example.invalid,2025-08-12 11:23:21.751221+02,es,ES,True,,False
1o1mni7n8qme8c0oyf,anon+3bc0b68d5404@example.invalid,2025-08-12 11:33:49.095532+02,en,GB,True,24.9,True
1o1mni7n8qme8cxiwr,,2025-08-12 11:47:51.450791+02,it,IT,False,,False
1o1mni7n8qme8cxs0w,anon+1d3d7544b30e@example.invalid,2025-08-12 11:56:44.419477+02,es,ES,True,21.3,True
1o1mni7n8qme8digdy,anon+d82cff6a89d8@example.invalid,2025-08-12 12:17:15.425127+02,es,ES,True,,False
1o1mni7n8qme8dkawb,,2025-08-12 12:07:29.324355+02,es,ES,False,17.8,False
1o1mni7n8qme8dxowa,,2025-08-12 12:15:24.437389+02,es,ES,False,24.8,False
1o1mni7n8qme8dxtdm,anon+fa3cfc9a681b@example.invalid,2025-08-12 12:28:09.58909+02,fr,FR,True,31.2,True
1o1mni7n8qme8e9riu,anon+6140a8cbf710@example.invalid,2025-08-12 12:31:36.098213+02,en,GB,True,24.9,True
1o1mni7n8qme8eawht,anon+f361bd93166f@example.invalid,2025-08-12 12:41:17.73241+02,fr,FR,True,22.3,True
1o1mni7n8qme8efwhp,,2025-08-12 12:29:29.415682+02,de,DE,False,0.0,False
1o1mni7n8qme8enga7,,2025-08-12 12:38:40.55146+02,fr,FR,False,11.8,False
1o1mni7n8qme8eptjn,,2025-08-12 12:45:27.594768+02,fr,FR,False,22.3,False
1o1mni7n8qme8f86io,anon+d73236bff2d2@example.invalid,2025-08-12 12:51:37.854813+02,sv,SE,True,737.9,False
1o1mni7n8qme8fwutn,anon+e906f07bc526@example.invalid,2025-08-12 13:42:24.907725+02,en,GB,True,,False
1o1mni7n8qme8h8imf,,2025-08-12 14:10:31.38073+02,it,IT,False,22.3,False
1o1mni7n8qme8hb4cr,,2025-08-12 13:57:10.709206+02,es,ES,False,27.3,False
1o1mni7n8qme8hc0gc,anon+061ada12667d@example.invalid,2025-08-12 14:02:50.595585+02,it,IT,True,2.98,True
1o1mni7n8qme8hfemy,,2025-08-12 14:03:55.289894+02,en,GB,True,,True
1o1mni7n8qme8i66je,,2025-08-12 14:13:34.204128+02,it,IT,False,0.0,False
1o1mni7n8qme8ib8jr,,2025-08-12 14:17:38.830628+02,en,GB,False,,False
1o1mni7n8qme8jhw9s,,2025-08-12 15:06:52.537084+02,de,DE,False,15.3,False
1o1mni7n8qme8jkb14,anon+e9979c177f7b@example.invalid,2025-08-12 14:59:50.48887+02,fr,FR,True,22.3,False
1o1mni7n8qme8ku4ct,anon+e45dafdd5e7f@example.invalid,2025-08-12 15:31:24.127649+02,en,GB,True,14.8,True
1o1mni7n8qme8kzh9q,anon+7ec7fdfafd75@example.invalid,2025-08-12 15:40:49.310797+02,es,ES,True,,False
1o1mni7n8qme8lkcq9,anon+a89b01b2d240@example.invalid,2025-08-12 15:54:16.604062+02,en,GB,True,16.0,False
1o1mni7n8qme8lmahm,anon+10f7f810892f@example.invalid,2025-08-14 00:27:19.773662+02,es,ES,True,35.3,True
1o1mni7n8qme8lue07,anon+dfe58154917b@example.invalid,2025-08-12 16:38:15.610308+02,es,ES,True,0.0,True
1o1mni7n8qme8lvw6i,anon+7f104dd45a67@example.invalid,2025-08-12 16:14:37.339676+02,es,ES,True,0.0,True
1o1mni7n8qme8m0jtc,,2025-08-12 16:02:56.959001+02,en,GB,False,,False
1o1mni7n8qme8mcr8z,,2025-08-12 16:13:43.893183+02,en,GB,False,16.0,False
1o1mni7n8qme8mcuxf,anon+2c688f0bda92@example.invalid,2025-08-12 16:11:57.429658+02,it,IT,True,32.7,False
1o1mni7n8qme8mvt3x,,2025-08-12 16:29:32.189847+02,es,ES,False,10.8,False
1o1mni7n8qme8ne13p,anon+8bfc7103ec37@example.invalid,2025-08-12 16:42:16.712374+02,es,ES,True,,False
1o1mni7n8qme8nmq0n,anon+62e3d6415d07@example.invalid,2025-08-12 16:54:38.993097+02,es,ES,True,19.7,False
1o1mni7n8qme8oextz,anon+4385bb16043e@example.invalid,2025-08-12 17:18:09.450486+02,it,IT,True,18.8,False
1o1mni7n8qme8oio4r,anon+1bf4944120e6@example.invalid,2025-08-12 17:15:45.521355+02,es,ES,True,21.3,True
1o1mni7n8qme8opicp,anon+1d3d1744d055@example.invalid,2025-08-13 02:15:45.828869+02,es,ES,True,,False
1o1mni7n8qme8pov21,anon+48e11849c2f0@example.invalid,2025-08-12 18:14:24.927301+02,es,ES,True,24.8,True
1o1mni7n8qme8q3qqq,anon+9edfdffb55db@example.invalid,2025-08-12 17:59:05.951104+02,en,GB,True,17.8,True
1o1mni7n8qme8q63zr,,2025-08-12 18:05:34.436688+02,fr,FR,False,36.3,False
1o1mni7n8qme8qkqxm,anon+f0e51e922b81@example.invalid,2025-08-12 18:42:41.626526+02,fr,FR,True,32.7,True
1o1mni7n8qme8rbr8k,anon+a7217f5368bb@example.invalid,2025-08-12 18:34:40.836113+02,de,DE,True,,False
1o1mni7n8qme8rd1do,anon+980fff4bf01b@example.invalid,2025-08-12 19:03:07.875216+02,fr,FR,True,29.3,True
1o1mni7n8qme8rh50s,anon+bf2745c6b788@example.invalid,2025-08-12 18:43:53.002493+02,en,GB,True,73.79,True
1o1mni7n8qme8rpprv,anon+a8811837d51c@example.invalid,2025-08-12 18:42:06.07205+02,es,ES,True,21.3,True
1o1mni7n8qme8rvo9o,,2025-08-12 18:45:25.09142+02,es,ES,False,,False
1o1mni7n8qme8s0uh7,,2025-08-12 18:50:21.204553+02,fr,FR,False,11.8,False
1o1mni7n8qme8sf0kl,anon+f784f37224be@example.invalid,2025-08-12 19:07:21.824362+02,fr,ES,True,,False
1o1mni7n8qme8souq7,anon+20bd35078a19@example.invalid,2025-08-12 19:10:42.251091+02,es,ES,True,24.8,False
1o1mni7n8qme8sq92k,anon+4c1e91cb434e@example.invalid,2025-08-12 19:18:49.138532+02,en,GB,True,,False
1o1mni7n8qme8taklz,,2025-08-12 19:25:28.165115+02,de,DE,False,14.8,False
1o1mni7n8qme8u3ry5,anon+2e19c3ccbce3@example.invalid,2025-08-12 20:00:33.563907+02,fr,FR,True,,False
1o1mni7n8qme8vktae,anon+049c5840af07@example.invalid,2025-08-14 17:06:16.276715+02,en,GB,True,18.1,False
1o1mni7n8qme8vm18h,,2025-08-12 20:31:45.945991+02,en,GB,False,43.98,False
1o1mni7n8qme8vwd3e,anon+422308f6a480@example.invalid,2025-08-12 21:02:20.343032+02,es,ES,True,,False
1o1mni7n8qme8w6w71,anon+2146a61fb941@example.invalid,2025-08-12 21:01:11.959111+02,es,ES,True,,False
1o1mni7n8qme8wagj5,,2025-08-12 20:48:48.748809+02,en,GB,False,0.0,False
1o1mni7n8qme8wb5ip,,2025-08-12 21:24:06.997329+02,sv,SE,False,258.0,False
1o1mni7n8qme8xhlxv,anon+45e3405a6048@example.invalid,2025-08-12 21:31:00.62926+02,fr,FR,True,18.8,True
1o1mni7n8qme8y9voj,,2025-08-12 22:47:47.518531+02,en,GB,True,,True
1o1mni7n8qme8zfo9w,anon+9a365c492b35@example.invalid,2025-08-13 13:01:26.232489+02,fr,FR,True,22.3,True
1o1mni7n8qme8zgusb,,2025-08-12 22:33:21.183648+02,es,ES,False,24.8,False
1o1mni7n8qme91200j,anon+459e8d1af0dd@example.invalid,2025-08-12 23:16:39.200036+02,es,ES,True,17.8,True
1o1mni7n8qme91a9hs,anon+9c13a0fe078a@example.invalid,2025-08-15 23:02:31.769466+02,de,DE,True,0.0,True
1o1mni7n8qme91hvkn,,2025-08-12 23:16:29.668247+02,es,ES,False,,False
1o1mni7n8qme924owv,,2025-08-12 23:42:56.938694+02,es,ES,True,0.0,True
1o1mni7n8qme92550f,,2025-08-12 23:43:44.231981+02,es,ES,False,20.18,False
1o1mni7n8qme92bzkv,anon+0e9391c785a1@example.invalid,2025-08-12 23:52:11.586832+02,en,GB,True,,False
1o1mni7n8qme933kgr,anon+2c88c7b9c597@example.invalid,2025-08-13 00:37:54.977052+02,fr,FR,True,0.0,True
1o1mni7n8qme93iz86,,2025-08-13 00:16:08.827396+02,fr,FR,False,11.8,False
1o1mni7n8qme94yy9h,,2025-08-13 00:58:49.136138+02,es,ES,False,21.3,False
1o1mni7n8qme961yzv,,2025-08-13 01:31:35.140944+02,es,ES,False,17.8,False
1o1mni7n8qme97741h,anon+491e1e5138ad@example.invalid,2025-08-13 01:57:40.644462+02,es,ES,True,,False
1o1mni7n8qme996s81,anon+74fa32b1868e@example.invalid,2025-08-13 03:13:30.009153+02,es,ES,True,10.8,False
1o1mni7n8qme9bqr58,,2025-08-13 04:01:24.693351+02,en,GB,False,0.0,False
1o1mni7n8qme9en3ep,,2025-08-13 05:27:38.972731+02,en,GB,False,31.9,False
1o1mni7n8qme9j6lzr,anon+6d15e5207e61@example.invalid,2025-08-13 07:41:11.715363+02,sv,SE,True,273.9,True
1o1mni7n8qme9jdj1c,,2025-08-13 07:36:24.929093+02,sv,SE,False,,False
1o1mni7n8qme9jik4w,,2025-08-13 07:41:43.993618+02,fr,FR,False,13.7,False
1o1mni7n8qme9jlv1v,,2025-08-13 07:52:36.344696+02,fr,FR,False,,False
1o1mni7n8qme9kvu4y,,2025-08-13 08:27:24.830157+02,sv,SE,False,118.0,False
1o1mni7n8qme9lfkmo,,2025-08-13 08:36:16.871784+02,it,IT,False,24.8,False
1o1mni7n8qme9lunid,anon+6d15e5207e61@example.invalid,2025-08-13 08:44:22.841882+02,sv,SE,True,273.9,False
1o1mni7n8qme9mfe3b,,2025-08-13 09:02:25.442158+02,sv,SE,False,174.0,False
1o1mni7n8qme9mhbdc,anon+95546304016d@example.invalid,2025-08-13 09:38:49.797781+02,es,ES,True,17.82,True
1o1mni7n8qme9mle1n,anon+1e0285b0187c@example.invalid,2025-08-13 09:12:38.759001+02,fr,FR,True,25.8,False
1o1mni7n8qme9mrifz,anon+7e3f64c553d4@example.invalid,2025-08-13 09:15:18.207175+02,de,DE,True,23.8,True
1o1mni7n8qme9mrwm7,anon+757c9b5f6702@example.invalid,2025-08-14 13:48:41.864821+02,es,ES,True,0.0,True
1o1mni7n8qme9n0jzl,,2025-08-13 09:19:38.55251+02,fr,FR,False,,False
1o1mni7n8qme9ncle3,anon+c39ddce40456@example.invalid,2025-08-13 09:31:35.664967+02,fr,FR,True,24.7,False
1o1mni7n8qme9nox2a,,2025-08-13 09:38:31.921344+02,fr,FR,False,11.8,False
1o1mni7n8qme9ntyas,,2025-08-13 09:48:35.812287+02,fr,FR,False,25.8,False
1o1mni7n8qme9oqo4u,,2025-08-18 18:03:51.151226+02,fr,FR,False,14.85,False
1o1mni7n8qme9rdmco,,2025-08-13 11:30:26.818191+02,fr,FR,True,22.3,False
1o1mni7n8qme9ry4ly,anon+0be66821f0b1@example.invalid,2025-08-13 11:39:32.103166+02,de,DE,True,46.7,False
1o1mni7n8qme9s9p4j,,2025-08-13 11:44:47.037035+02,fr,FR,False,29.9,False
1o1mni7n8qme9vgc2n,anon+0ad3327cc093@example.invalid,2025-08-13 16:53:17.625278+02,es,ES,True,0.0,True
1o1mni7n8qme9vsh21,,2025-08-13 13:32:13.686071+02,sv,SE,False,207.9,False
1o1mni7n8qme9vun7p,anon+d5ad73da79c4@example.invalid,2025-08-13 13:26:34.895849+02,de,DE,True,15.3,True
1o1mni7n8qme9wckea,anon+9f11ff7819d5@example.invalid,2025-08-13 13:51:41.736477+02,es,ES,True,31.2,False
1o1mni7n8qme9wjth9,,2025-08-13 13:46:34.973563+02,fr,FR,False,20.6,False
1o1mni7n8qme9wn3cn,anon+63f66f95a195@example.invalid,2025-08-13 13:49:05.096357+02,es,PT,True,11.8,True
1o1mni7n8qme9ws5do,anon+bea30740b809@example.invalid,2025-08-13 14:07:59.691441+02,es,ES,True,,False
1o1mni7n8qme9wtzia,anon+17ac43970ad5@example.invalid,2025-08-13 13:53:40.010114+02,es,ES,True,24.8,False
1o1mni7n8qme9xkpie,anon+c475f067bd74@example.invalid,2025-08-13 14:19:43.450431+02,en,GB,True,,False
1o1mni7n8qme9xp4fk,anon+0f851633619c@example.invalid,2025-08-13 14:29:46.56425+02,en,NO,True,22.3,True
1o1mni7n8qme9xqnmu,anon+07a51934fe91@example.invalid,2025-08-13 14:17:29.444675+02,es,DE,True,0.0,False
1o1mni7n8qme9xz8e8,anon+e2e42edbdc4c@example.invalid,2025-08-13 14:29:38.153081+02,en,GB,True,24.9,True
1o1mni7n8qme9y8fu6,anon+04541a36b2f2@example.invalid,2025-08-13 14:33:51.961287+02,de,DE,True,,False
1o1mni7n8qme9yvkj7,anon+5c95f4f5f31b@example.invalid,2025-08-13 16:09:14.862621+02,es,ES,True,21.3,False
1o1mni7n8qme9z1ind,anon+1318b3cf976c@example.invalid,2025-08-13 14:55:53.659151+02,es,ES,True,21.3,True
1o1mni7n8qme9z6ixj,,2025-08-13 15:01:34.980027+02,de,DE,False,25.7,False
1o1mni7n8qme9zqkgu,anon+ed8229efb55c@example.invalid,2025-08-13 15:17:41.17065+02,en,GB,True,,False
1o1mni7n8qme9zy5bc,,2025-08-13 15:18:58.545156+02,en,GB,False,0.0,False
1o1mni7n8qmea02p8i,,2025-08-13 18:09:25.258773+02,en,GB,True,0.0,True
1o1mni7n8qmea03526,,2025-08-13 15:25:34.515441+02,es,ES,False,13.85,False
1o1mni7n8qmea0mujy,anon+f463d6255f2b@example.invalid,2025-08-13 15:39:34.316582+02,es,ES,True,15.02,False
1o1mni7n8qmea0r8bg,,2025-08-13 15:42:41.84094+02,fr,FR,False,14.85,False
1o1mni7n8qmea0uiz0,,2025-08-13 15:48:17.191735+02,en,GB,False,13.8,False
1o1mni7n8qmea10nxl,,2025-08-13 15:55:33.013356+02,en,GB,False,,False
1o1mni7n8qmea1lmpb,,2025-08-13 16:06:09.820539+02,en,GB,False,14.4,False
1o1mni7n8qmea2su94,,2025-08-13 16:41:38.473577+02,sv,SE,False,,False
1o1mni7n8qmea2tc2m,anon+a957afdac148@example.invalid,2025-08-13 16:46:03.295915+02,es,ES,True,17.8,True
1o1mni7n8qmea3zlse,,2025-08-13 17:19:13.185381+02,de,DE,False,,False
1o1mni7n8qmea4pgtd,anon+2257c460f3a3@example.invalid,2025-08-13 17:40:39.73613+02,fr,FR,True,11.8,True
1o1mni7n8qmea4sciu,,2025-08-13 17:41:23.949062+02,de,DE,False,14.8,False
1o1mni7n8qmea5x552,anon+3326cf1d1e40@example.invalid,2025-08-13 18:17:23.604188+02,en,GB,True,,False
1o1mni7n8qmea5yzn8,,2025-08-13 18:10:33.890273+02,fr,FR,False,36.3,False
1o1mni7n8qmea6d6yf,,2025-08-13 18:21:01.660996+02,en,GB,False,30.9,False
1o1mni7n8qmea6lilo,anon+d0570eb96b83@example.invalid,2025-08-13 18:30:46.829584+02,es,ES,True,17.8,True
1o1mni7n8qmea77r0w,anon+b4d455e632bf@example.invalid,2025-08-13 18:47:06.920388+02,es,ES,True,14.3,True
1o1mni7n8qmea87r9w,,2025-08-13 19:20:52.538125+02,es,ES,False,14.3,False
1o1mni7n8qmea8u2dp,,2025-08-13 19:39:45.519701+02,fr,FR,False,0.0,False
1o1mni7n8qmea8wmm3,,2025-08-13 19:32:36.472491+02,fr,BE,False,11.8,False
1o1mni7n8qmea9ifah,,2025-08-13 19:47:58.000321+02,fr,FR,False,25.8,False
1o1mni7n8qmea9tw50,,2025-08-13 20:00:10.472811+02,es,ES,False,21.3,False
1o1mni7n8qmeaa3p99,,2025-08-13 20:06:35.18081+02,es,ES,False,10.8,False
1o1mni7n8qmeaafckq,,2025-08-13 20:15:14.195117+02,de,DE,False,11.8,False
1o1mni7n8qmeaaff0c,anon+567b79d7b416@example.invalid,2025-08-13 20:19:36.772504+02,en,GB,True,17.9,True
1o1mni7n8qmeac9udo,anon+f097b4ef1f67@example.invalid,2025-08-13 21:08:34.39312+02,de,DE,True,,False
1o1mni7n8qmeacb9wv,anon+1755471a827c@example.invalid,2025-08-13 21:20:21.032162+02,fr,FR,True,29.3,True
1o1mni7n8qmeacxvzx,anon+3d283f4dd1e3@example.invalid,2025-08-13 21:26:45.763275+02,es,ES,True,,False
1o1mni7n8qmeadji0j,,2025-08-13 21:45:55.451837+02,en,GB,False,17.9,False
1o1mni7n8qmeadl1pd,,2025-08-13 21:49:00.867818+02,en,GB,False,,False
1o1mni7n8qmeado50k,anon+ed83e4f6aee5@example.invalid,2025-08-13 21:50:34.633556+02,es,ES,True,,False
1o1mni7n8qmeae7ev8,,2025-08-13 21:58:55.368076+02,es,ES,False,33.7,False
1o1mni7n8qmeaesp9b,anon+269cd8bcddd7@example.invalid,2025-08-13 22:26:37.199807+02,es,ES,True,21.3,False
1o1mni7n8qmeaetac0,,2025-08-13 22:18:41.634899+02,fr,FR,False,0.0,False
1o1mni7n8qmeaeyzbn,anon+ca9458326b02@example.invalid,2025-08-13 22:56:23.131583+02,es,ES,True,,False
1o1mni7n8qmeah4rqp,anon+269cd8bcddd7@example.invalid,2025-08-13 23:21:46.294689+02,es,ES,True,21.3,True
1o1mni7n8qmeahpvjj,,2025-08-13 23:36:27.412627+02,fr,FR,False,,False
1o1mni7n8qmeaio5e9,anon+4d8ea840b7bb@example.invalid,2025-08-14 00:23:49.152748+02,es,ES,True,21.3,False
1o1mni7n8qmeajwint,anon+cabd768fea06@example.invalid,2025-08-14 00:48:50.824247+02,de,DE,True,25.8,True
1o1mni7n8qmeap8n5r,anon+12587cd9cc1f@example.invalid,2025-08-14 03:11:46.755927+02,en,GB,True,56.1,True
1o1mni7n8qmeatdjv9,anon+e76b542621c9@example.invalid,2025-08-14 05:30:54.209665+02,fr,FR,True,,False
1o1mni7n8qmeauv71s,,2025-08-14 06:27:35.947891+02,es,ES,False,14.3,False
1o1mni7n8qmeav7c1o,,2025-08-14 05:53:57.88596+02,en,GB,False,0.0,False
1o1mni7n8qmeax52xb,,2025-08-14 06:55:25.399444+02,de,DE,False,20.7,False
1o1mni7n8qmeaxtq68,anon+ca52fdeabd22@example.invalid,2025-08-14 07:09:36.240385+02,de,DE,True,18.8,True
1o1mni7n8qmeay0poj,anon+e9057e9a049d@example.invalid,2025-08-14 07:13:29.891265+02,fr,FR,True,17.2,True
1o1mni7n8qmeaye81q,,2025-08-14 07:24:57.75074+02,sv,SE,False,267.9,False
1o1mni7n8qmeayhq6d,,2025-08-14 08:32:12.961248+02,fr,FR,False,22.3,False
1o1mni7n8qmeazfdxa,anon+c3c27fa41fa7@example.invalid,2025-08-14 07:57:40.424334+02,en,GB,True,14.4,True
1o1mni7n8qmeb09h67,,2025-08-14 08:17:38.00335+02,fr,FR,False,18.7,False
1o1mni7n8qmeb1ta1p,anon+bcff93ca2963@example.invalid,2025-08-17 11:40:40.506502+02,es,ES,True,0.0,False
1o1mni7n8qmeb2ivuy,,2025-08-14 09:21:45.285012+02,es,ES,False,,False
1o1mni7n8qmeb2lsaq,anon+e3c79bcc768d@example.invalid,2025-08-14 09:26:06.076891+02,fr,FR,True,24.7,True
1o1mni7n8qmeb2qveu,,2025-08-14 12:05:16.531337+02,fr,FR,False,15.3,False
1o1mni7n8qmeb2vih7,anon+f8531b5fe51a@example.invalid,2025-08-14 09:36:03.468908+02,es,ES,True,,False
1o1mni7n8qmeb2ytkf,,2025-08-14 09:34:44.472804+02,es,ES,False,55.8,False
1o1mni7n8qmeb3p07q,anon+594910ecde98@example.invalid,2025-08-14 09:58:40.59675+02,en,GB,True,,False
1o1mni7n8qmeb3q40d,,2025-08-14 09:53:05.935792+02,en,GB,False,17.9,False
1o1mni7n8qmeb3qyub,anon+96944bfc89e5@example.invalid,2025-08-14 10:15:10.594541+02,en,GB,True,0.0,True
1o1mni7n8qmeb3rssp,anon+3326cf1d1e40@example.invalid,2025-08-14 09:58:31.817072+02,en,GB,True,30.9,True
1o1mni7n8qmeb3s2ox,,2025-08-14 10:07:09.372662+02,fr,FR,False,25.8,False
1o1mni7n8qmeb3ypjf,anon+74c034c80ffe@example.invalid,2025-08-14 15:25:42.862396+02,es,ES,True,21.3,True
1o1mni7n8qmeb41a2n,anon+ef4729043bf2@example.invalid,2025-08-14 10:06:53.590499+02,fr,FR,True,22.3,False
1o1mni7n8qmeb42xvb,,2025-08-14 10:06:40.495904+02,en,GB,False,14.4,False
1o1mni7n8qmeb533cd,,2025-08-14 10:32:24.100254+02,fr,FR,False,,False
1o1mni7n8qmeb590sy,,2025-08-14 10:40:54.18277+02,en,GB,False,0.0,False
1o1mni7n8qmeb78shx,,2025-08-19 10:34:04.065985+02,sv,SE,False,168.0,False
1o1mni7n8qmeb7b89g,,2025-08-14 11:50:42.629461+02,fr,FR,False,22.3,False
1o1mni7n8qmeb7d8h0,,2025-08-15 20:20:04.719801+02,fr,FR,False,,False
1o1mni7n8qmeb7t5la,,2025-08-14 12:07:56.921784+02,fr,FR,False,25.8,False
1o1mni7n8qmeb80j43,,2025-08-14 11:53:58.168457+02,fr,FR,False,0.0,False
1o1mni7n8qmeb8d2w9,anon+71640a4d2fd2@example.invalid,2025-08-14 13:51:14.151578+02,es,ES,True,21.3,False
1o1mni7n8qmeb8ep0v,,2025-08-14 12:14:15.218023+02,es,ES,False,19.8,False
1o1mni7n8qmeb8ormz,anon+bec8ef1488a8@example.invalid,2025-08-14 12:25:42.098215+02,fr,FR,True,25.8,False
1o1mni7n8qmeb8ymm5,,2025-08-14 14:27:32.56947+02,fr,FR,False,22.3,False
1o1mni7n8qmeb9pb71,,2025-08-14 12:42:07.560956+02,es,ES,False,10.8,False
1o1mni7n8qmeb9vm00,anon+c96d835a55a1@example.invalid,2025-08-14 12:50:40.409869+02,es,ES,True,,False
1o1mni7n8qmeba6zw2,,2025-08-14 12:53:34.212961+02,es,ES,False,0.0,False
1o1mni7n8qmebb4bv2,anon+4e619cac6d64@example.invalid,2025-08-14 13:30:08.256879+02,es,ES,True,,False
1o1mni7n8qmebbh9v8,anon+0ec01f1df055@example.invalid,2025-08-14 13:47:54.947188+02,fr,FR,True,25.8,True
1o1mni7n8qmebc2d3c,anon+85773f5fc05a@example.invalid,2025-08-14 14:06:48.215069+02,es,ES,True,21.3,False
1o1mni7n8qmebc91gq,anon+a2c270822b89@example.invalid,2025-08-14 14:02:42.369003+02,sv,SE,True,188.0,True
1o1mni7n8qmebdasyi,anon+a91befa92e0b@example.invalid,2025-08-14 14:22:44.239937+02,fr,FR,True,36.0,True
1o1mni7n8qmebdeu9g,,2025-08-14 14:29:32.227867+02,de,DE,False,39.3,False
1o1mni7n8qmebe9hvm,,2025-08-14 14:49:45.50806+02,fr,FR,False,18.7,False
1o1mni7n8qmebed51v,anon+eaa7c826fb03@example.invalid,2025-08-14 15:29:48.93132+02,it,IT,True,,False
1o1mni7n8qmebevww6,,2025-08-14 15:22:05.406672+02,es,ES,False,33.2,False
1o1mni7n8qmebfn4i0,,2025-08-15 11:44:45.838072+02,es,ES,False,17.8,False
1o1mni7n8qmebg748n,,2025-08-14 15:41:37.766775+02,es,ES,True,,True
1o1mni7n8qmebg9b0n,anon+6551bc66beff@example.invalid,2025-08-14 15:50:32.877846+02,en,GB,True,0.0,True
1o1mni7n8qmebgc25t,anon+23b8e3964a03@example.invalid,2025-08-14 15:52:21.938606+02,it,IT,True,22.3,False
1o1mni7n8qmebhcuyl,anon+de8d4e6e541c@example.invalid,2025-08-14 16:20:29.329782+02,it,IT,True,22.3,False
1o1mni7n8qmebhdrqo,,2025-08-14 17:46:49.417861+02,en,GB,False,0.0,False
1o1mni7n8qmebhf0hh,,2025-08-14 16:15:59.64776+02,es,ES,False,17.8,False
1o1mni7n8qmebhhh69,anon+d243372fb8c0@example.invalid,2025-08-14 17:17:40.490136+02,es,ES,True,0.0,True
1o1mni7n8qmebhlg05,anon+2c2b3c17b04f@example.invalid,2025-08-14 16:52:25.520978+02,fr,FR,True,29.3,True
1o1mni7n8qmebia28o,,2025-08-14 16:43:07.368658+02,en,GB,False,14.8,False
1o1mni7n8qmebilstp,,2025-08-14 16:49:12.638579+02,es,ES,False,0.0,False
1o1mni7n8qmebiosbb,,2025-08-14 16:51:21.493797+02,es,ES,False,,False
1o1mni7n8qmebiv7wv,,2025-08-14 17:17:50.051338+02,fr,FR,False,22.3,False
1o1mni7n8qmebiy68f,,2025-08-14 16:59:49.877768+02,en,GB,False,14.4,False
1o1mni7n8qmebj4lbw,anon+7d5751269131@example.invalid,2025-08-14 17:20:14.595087+02,fr,FR,True,18.82,True
1o1mni7n8qmebjk210,anon+8c0cc0de505f@example.invalid,2025-08-14 17:37:36.224807+02,fr,CH,True,25.8,True
1o1mni7n8qmebjq6uz,anon+a662efdf6f7e@example.invalid,2025-08-14 17:33:26.210811+02,en,GB,True,61.0,True
1o1mni7n8qmebly545,anon+365a3891c795@example.invalid,2025-08-14 18:27:08.19433+02,fr,FR,True,62.1,True
1o1mni7n8qmebnub56,,2025-08-14 19:15:37.993165+02,en,GB,False,,False
1o1mni7n8qmebolxnm,,2025-08-14 19:48:39.818173+02,sv,SE,False,118.0,False
1o1mni7n8qmebowsrc,,2025-08-15 15:51:37.809459+02,fr,FR,False,14.8,False
1o1mni7n8qmeboyy6r,anon+ae3e0a1fe15b@example.invalid,2025-08-14 19:57:09.647289+02,es,ES,True,0.0,True
1o1mni7n8qmebp1h88,anon+bc5dce3a4754@example.invalid,2025-08-14 20:01:04.377342+02,en,GB,True,14.4,False
1o1mni7n8qmebp9tu1,,2025-08-14 19:55:41.546969+02,de,DE,False,0.0,False
1o1mni7n8qmebpk15a,anon+6b9fcc6aa9a2@example.invalid,2025-08-14 20:12:44.237303+02,de,DE,True,11.8,True
1o1mni7n8qmebplg1l,,2025-08-14 20:04:57.483264+02,sv,SE,False,247.9,False
1o1mni7n8qmebpybhi,anon+8f86036bace6@example.invalid,2025-08-14 21:14:15.106933+02,fr,FR,True,32.8,True
1o1mni7n8qmebq8bbr,,2025-08-14 20:28:14.460945+02,it,IT,True,,True
1o1mni7n8qmebqp7jo,anon+d243372fb8c0@example.invalid,2025-08-14 20:35:40.206833+02,es,ES,True,0.0,False
1o1mni7n8qmebr76l0,,2025-08-14 20:51:17.612116+02,de,DE,False,17.4,False
1o1mni7n8qmebsp0cn,anon+099f050a0d4e@example.invalid,2025-08-14 21:31:33.483861+02,es,ES,True,0.0,False
1o1mni7n8qmebsy0lt,,2025-08-19 18:00:27.50409+02,en,GB,False,14.4,False
1o1mni7n8qmebtum3o,anon+20df81cb7efd@example.invalid,2025-08-14 22:34:34.798193+02,en,GB,True,,False
1o1mni7n8qmebtvqlb,,2025-08-14 22:13:23.066781+02,es,ES,False,,False
1o1mni7n8qmebu2z4n,,2025-08-14 22:10:34.824873+02,de,DE,False,17.4,False
1o1mni7n8qmebuuejd,,2025-08-14 22:39:19.66432+02,de,DE,False,17.65,False
1o1mni7n8qmebve5ob,,2025-08-14 22:58:04.542128+02,es,ES,False,31.7,False
1o1mni7n8qmebvgp99,,2025-08-14 22:53:23.754171+02,es,ES,False,21.3,False
1o1mni7n8qmebw8mfn,,2025-08-14 23:13:01.717815+02,fr,FR,False,32.5,False
1o1mni7n8qmebwgulv,anon+04c86ad0a5b2@example.invalid,2025-08-14 23:18:54.148694+02,en,GB,True,14.8,True
1o1mni7n8qmeby9s7p,,2025-08-15 00:19:27.372691+02,en,GB,False,24.9,False
1o1mni7n8qmebywl6z,,2025-08-15 00:30:38.611936+02,es,ES,False,10.8,False
1o1mni7n8qmebz6tw2,,2025-08-15 03:18:39.183306+02,es,ES,False,28.3,False
1o1mni7n8qmebzkf60,anon+57231fc7bef2@example.invalid,2025-08-15 00:54:06.655442+02,en,GB,True,0.0,True
1o1mni7n8qmec1422h,,2025-08-15 01:27:45.355899+02,es,ES,False,10.8,False
1o1mni7n8qmec5nvhd,,2025-08-15 03:34:30.42925+02,en,GB,False,,False
1o1mni7n8qmecf7fmf,anon+87ef18944bdd@example.invalid,2025-08-15 08:06:23.593234+02,es,ES,True,44.2,False
1o1mni7n8qmecfhxvi,,2025-08-15 08:20:56.258282+02,fr,FR,False,25.8,False
1o1mni7n8qmecfp9mi,anon+ef813d93f541@example.invalid,2025-08-15 08:21:41.206046+02,es,ES,True,21.3,False
1o1mni7n8qmecggt1z,anon+eb88ace14c90@example.invalid,2025-08-15 08:52:42.469065+02,fr,FR,True,,False
1o1mni7n8qmecgkqi6,anon+a31d3c6bdcb6@example.invalid,2025-08-15 09:02:48.990712+02,de,DE,True,,False
1o1mni7n8qmecgoius,,2025-08-15 08:43:31.652301+02,de,DE,False,14.85,False
1o1mni7n8qmechyo8t,anon+974d575249f1@example.invalid,2025-08-15 09:19:53.315448+02,it,IT,True,18.82,True
1o1mni7n8qmecj02lw,anon+4cf4f5ff8fa2@example.invalid,2025-08-15 09:51:01.044106+02,en,GB,True,17.9,True
1o1mni7n8qmeck90xk,anon+1e9d93ef0a04@example.invalid,2025-08-15 10:33:39.190983+02,es,ES,True,10.8,True
1o1mni7n8qmeckvtol,,2025-08-15 10:44:15.560237+02,es,ES,False,,False
1o1mni7n8qmecleu3b,anon+cbf281b5fc75@example.invalid,2025-08-15 10:57:32.263884+02,en,GB,True,14.8,False
1o1mni7n8qmeclg975,,2025-08-15 10:57:36.550997+02,es,ES,False,19.95,False
1o1mni7n8qmecmk87h,anon+bfcbe2f45f4c@example.invalid,2025-08-15 11:33:04.853245+02,es,ES,True,,False
1o1mni7n8qmecmryno,,2025-08-15 11:34:18.931661+02,es,ES,False,17.8,False
1o1mni7n8qmecn5f9v,anon+7c6fe67be45a@example.invalid,2025-08-15 11:46:49.962951+02,es,ES,True,17.8,True
1o1mni7n8qmecn7gkw,,2025-08-15 11:53:22.770986+02,es,ES,False,21.3,False
1o1mni7n8qmecnca6w,,2025-08-15 11:54:57.912696+02,es,ES,False,0.0,False
1o1mni7n8qmecng4t0,anon+5de9d0b3df7a@example.invalid,2025-08-15 21:31:48.140442+02,fr,FR,True,29.3,True
1o1mni7n8qmecnk12m,,2025-08-15 11:55:23.361841+02,de,DE,False,0.0,False
1o1mni7n8qmecnndfb,,2025-08-15 12:04:28.116662+02,es,ES,False,38.7,False
1o1mni7n8qmecnume2,anon+c07f68bafb4b@example.invalid,2025-08-15 12:14:54.134217+02,en,GB,True,46.8,False
1o1mni7n8qmecnv8vd,anon+ed83e4f6aee5@example.invalid,2025-08-15 12:05:41.975082+02,es,ES,True,33.7,False
1o1mni7n8qmecocau7,anon+c07f68bafb4b@example.invalid,2025-08-15 12:17:22.257045+02,en,GB,True,83.8,False
1o1mni7n8qmecodab2,anon+e40932ef5768@example.invalid,2025-08-15 12:22:35.707284+02,en,GB,True,,False
1o1mni7n8qmecosa8q,anon+fbd7fea5e269@example.invalid,2025-08-15 12:32:45.670406+02,de,DE,True,15.3,True
1o1mni7n8qmecp1wn2,anon+9478b3d2e366@example.invalid,2025-08-15 12:38:45.477988+02,en,GB,True,17.9,True
1o1mni7n8qmecp47nv,anon+6e9682ef4db5@example.invalid,2025-08-15 12:45:31.9025+02,en,GB,True,52.0,True
1o1mni7n8qmecp9fpw,,2025-08-15 12:44:56.240249+02,es,ES,False,17.9,False
1o1mni7n8qmecpctmu,,2025-08-15 12:45:46.480923+02,de,DE,False,0.0,False
1o1mni7n8qmecpi0xa,,2025-08-15 12:49:48.952699+02,es,GB,False,,False
1o1mni7n8qmecpib6s,,2025-08-15 12:50:05.080083+02,es,GB,False,,False
1o1mni7n8qmecpo6nc,anon+3c1aa55c6c25@example.invalid,2025-08-15 13:01:11.66533+02,fr,FR,True,22.3,False
1o1mni7n8qmecqbdkn,,2025-08-15 13:26:27.0592+02,es,ES,False,,False
1o1mni7n8qmecqtmfy,,2025-08-15 13:28:48.749971+02,es,ES,False,10.8,False
1o1mni7n8qmecrx6cx,anon+689c7cc6d3cf@example.invalid,2025-08-15 14:14:27.323975+02,it,IT,True,18.8,True
1o1mni7n8qmecs0cjb,anon+ca9bd00ad817@example.invalid,2025-08-15 14:11:20.46382+02,fr,FR,True,29.3,True
1o1mni7n8qmecsex3g,anon+1e53b7d56594@example.invalid,2025-08-15 14:17:46.61628+02,it,IT,True,,False
1o1mni7n8qmecsvg7k,anon+03b8db9a0353@example.invalid,2025-08-15 14:46:58.346207+02,en,GB,True,,False
1o1mni7n8qmecu386a,,2025-08-15 15:07:44.198457+02,it,IT,False,69.0,False
1o1mni7n8qmecv9ayi,anon+2df7818016b3@example.invalid,2025-08-15 15:32:58.567281+02,en,GB,True,,False
1o1mni7n8qmecva5u2,,2025-08-15 15:32:35.008275+02,de,DE,False,21.75,False
1o1mni7n8qmecvfmag,anon+fed2dd22861d@example.invalid,2025-08-15 15:53:14.911536+02,es,ES,True,0.0,True
1o1mni7n8qmecvgosc,,2025-08-18 17:30:12.835974+02,es,ES,False,,False
1o1mni7n8qmecvst7h,anon+211955f24a20@example.invalid,2025-08-15 15:57:43.715347+02,es,ES,True,0.0,True
1o1mni7n8qmecw1p5l,,2025-08-15 16:04:58.799108+02,es,ES,False,33.44,False
1o1mni7n8qmecwkgep,,2025-08-15 16:07:44.268809+02,es,ES,False,0.0,False
1o1mni7n8qmecxij5c,anon+6d2d827c8115@example.invalid,2025-08-15 20:08:23.994961+02,en,GB,True,28.4,True
1o1mni7n8qmecxm31x,,2025-08-15 16:37:41.416852+02,es,ES,False,17.8,False
1o1mni7n8qmecxnnot,,2025-08-15 16:39:57.699599+02,fr,FR,False,14.85,False
1o1mni7n8qmecxrdcw,,2025-08-16 10:08:32.051913+02,sv,SE,True,0.0,True
1o1mni7n8qmecxsbzf,anon+eaedb067a401@example.invalid,2025-08-15 16:42:12.596133+02,fr,FR,True,27.9,False
1o1mni7n8qmecyx8uo,,2025-08-15 17:18:26.884309+02,it,IT,False,11.8,False
1o1mni7n8qmecz9o5n,anon+0798ade861bf@example.invalid,2025-08-17 10:30:36.376426+02,es,ES,True,24.8,True
1o1mni7n8qmed00vmr,anon+751846d9aa1e@example.invalid,2025-08-15 17:48:22.240035+02,es,ES,True,21.3,False
1o1mni7n8qmed1ozh4,anon+9b2b1c6d20ed@example.invalid,2025-08-15 18:32:26.598915+02,en,GB,True,,False
1o1mni7n8qmed2jn76,anon+6ca92267feff@example.invalid,2025-08-15 19:38:48.044154+02,es,ES,True,,False
1o1mni7n8qmed2m4s9,anon+de74bae2a0d4@example.invalid,2025-08-16 21:22:11.456594+02,en,GB,True,,False
1o1mni7n8qmed4ccxt,,2025-08-15 19:45:18.598251+02,fr,FR,False,,False
1o1mni7n8qmed5pzrj,,2025-08-22 11:28:29.035975+02,es,ES,False,0.0,False
1o1mni7n8qmed76nov,,2025-08-15 21:15:37.732919+02,es,ES,True,20.31,False
1o1mni7n8qmed845ve,,2025-08-15 21:37:05.917174+02,es,ES,False,10.8,False
1o1mni7n8qmed8ai9s,,2025-08-15 21:36:52.771352+02,fr,FR,False,14.85,False
1o1mni7n8qmed8hxvh,anon+1ed075b133e1@example.invalid,2025-08-15 22:09:32.427919+02,es,ES,True,,False
1o1mni7n8qmed8t9we,,2025-08-15 21:50:35.660189+02,es,ES,False,,False
1o1mni7n8qmedb51k6,,2025-08-15 23:11:43.064012+02,es,ES,False,28.3,False
1o1mni7n8qmedbmwzp,anon+c142a1dffd07@example.invalid,2025-08-15 23:12:24.40364+02,es,ES,True,17.8,False
1o1mni7n8qmedbmyjy,,2025-08-15 23:11:30.591882+02,es,ES,False,10.8,False
1o1mni7n8qmedbonga,anon+ee04ea2620b1@example.invalid,2025-08-15 23:27:57.501478+02,en,GB,True,,False
1o1mni7n8qmedd61oq,anon+3407ded130cf@example.invalid,2025-08-15 23:53:33.10649+02,es,ES,True,43.5,False
1o1mni7n8qmede65y2,,2025-08-16 00:22:52.493775+02,es,ES,False,13.8,False
1o1mni7n8qmedg2ipu,,2025-08-16 01:20:56.25423+02,es,ES,False,10.8,False
1o1mni7n8qmedigb5c,anon+a80ddb0965d5@example.invalid,2025-08-16 02:32:53.325225+02,es,ES,True,24.8,False
1o1mni7n8qmedkcrph,,2025-08-16 03:16:40.021056+02,it,IT,False,24.8,False
1o1mni7n8qmedqbql2,,2025-08-16 06:02:16.681543+02,fr,FR,False,,False
1o1mni7n8qmedr1i4e,,2025-08-16 06:28:08.664915+02,en,AU,False,0.0,False
1o1mni7n8qmedrgwik,anon+964b6cf2a87c@example.invalid,2025-08-16 06:44:04.220723+02,es,ES,True,,False
1o1mni7n8qmedu6ux9,anon+a8398b2620d5@example.invalid,2025-08-16 07:59:25.5944+02,fr,FR,True,32.8,False
1o1mni7n8qmedv3dz2,,2025-08-16 08:20:43.859597+02,fr,FR,False,,False
1o1mni7n8qmedwey8u,anon+86d7837620e3@example.invalid,2025-08-16 08:54:06.933756+02,it,IT,True,34.7,False
1o1mni7n8qmedwn9ej,,2025-08-16 09:03:11.598423+02,es,ES,False,13.8,False
1o1mni7n8qmedwwij1,anon+d87663e45c85@example.invalid,2025-08-16 09:08:15.100133+02,de,DE,True,11.8,False
1o1mni7n8qmedwxpko,anon+04c86ad0a5b2@example.invalid,2025-08-20 11:42:27.601845+02,en,GB,True,,False
1o1mni7n8qmedxrpaf,,2025-08-16 09:33:45.153047+02,sv,SE,False,257.0,False
1o1mni7n8qmedy6v3o,anon+afda46170c10@example.invalid,2025-08-16 09:46:22.343837+02,en,GB,True,36.3,True
1o1mni7n8qmedz1bq5,,2025-08-16 10:05:39.287327+02,es,ES,False,27.55,False
1o1mni7n8qmedzp9g4,,2025-08-16 10:28:19.903805+02,en,GB,False,24.9,False
1o1mni7n8qmedzqsek,anon+5b827ad009b9@example.invalid,2025-08-16 10:36:11.492397+02,es,ES,True,15.02,False
1o1mni7n8qmedzyg5n,,2025-08-16 16:50:32.487762+02,fr,FR,False,46.7,False
1o1mni7n8qmee071nk,,2025-08-16 10:47:16.670722+02,fr,FR,False,20.9,False
1o1mni7n8qmee09ftf,,2025-08-16 11:05:46.824312+02,en,GB,False,28.4,False
1o1mni7n8qmee0vjhg,anon+e66bde9420ba@example.invalid,2025-08-19 06:01:11.305558+02,es,ES,True,24.8,True
1o1mni7n8qmee12jlh,,2025-08-16 11:08:06.687491+02,en,GB,False,42.9,False
1o1mni7n8qmee1ni8b,,2025-08-16 11:22:43.89359+02,fr,FR,False,11.8,False
1o1mni7n8qmee1peun,anon+45b3da775a50@example.invalid,2025-08-16 11:25:46.23615+02,es,ES,True,,False
1o1mni7n8qmee1xyz8,,2025-08-16 12:27:39.894773+02,de,DE,False,14.85,False
1o1mni7n8qmee250jh,,2025-08-16 11:36:48.937727+02,it,IT,False,50.1,False
1o1mni7n8qmee26fjf,anon+4b2d14f8a480@example.invalid,2025-08-16 11:39:01.375181+02,es,ES,True,,False
1o1mni7n8qmee27gwi,,2025-08-16 11:40:28.036321+02,fr,FR,False,18.8,False
1o1mni7n8qmee2gqs2,anon+e37ddfd04005@example.invalid,2025-08-17 11:47:17.464678+02,es,ES,True,18.8,True
1o1mni7n8qmee2nnkn,anon+4b690daf65a7@example.invalid,2025-08-16 11:54:26.814798+02,en,GB,True,14.4,True
1o1mni7n8qmee2wpig,anon+615908342c58@example.invalid,2025-08-16 11:56:37.968744+02,en,GB,True,,False
1o1mni7n8qmee2yx2u,,2025-08-16 12:03:39.263112+02,fr,FR,False,36.2,False
1o1mni7n8qmee34okw,anon+9529f2aef523@example.invalid,2025-08-16 12:03:43.818389+02,en,GB,True,,False
1o1mni7n8qmee3e5r6,anon+938a1399755f@example.invalid,2025-08-18 15:07:11.581789+02,fr,FR,True,,False
1o1mni7n8qmee3k3s1,anon+6f8a2887876f@example.invalid,2025-08-16 12:19:06.621848+02,es,ES,True,,False
1o1mni7n8qmee3mjrn,,2025-08-16 12:13:00.876865+02,de,DE,False,0.0,False
1o1mni7n8qmee3p1qr,,2025-08-16 12:46:19.20893+02,es,ES,False,17.8,False
1o1mni7n8qmee3qr8n,anon+ef33c71efd31@example.invalid,2025-08-17 16:38:35.907842+02,es,ES,True,0.0,True
1o1mni7n8qmee3xqls,anon+fe26b976b16c@example.invalid,2025-08-16 12:28:30.33437+02,es,ES,True,17.8,False
1o1mni7n8qmee4p2ud,,2025-08-16 12:46:22.891041+02,en,GB,False,,False
1o1mni7n8qmee4tsz9,,2025-08-16 12:46:38.894513+02,en,GB,False,,False
1o1mni7n8qmee5srq1,,2025-08-16 13:16:54.092208+02,it,IT,False,44.5,False
1o1mni7n8qmee5w6jm,anon+05ee3466f5dc@example.invalid,2025-08-16 19:21:53.522284+02,es,ES,True,21.3,False
1o1mni7n8qmee63uct,anon+98a1b0729841@example.invalid,2025-08-16 13:25:44.769548+02,es,ES,True,,False
1o1mni7n8qmee6cm04,anon+ee581ce77912@example.invalid,2025-08-16 13:55:15.867439+02,es,ES,True,31.8,False
1o1mni7n8qmee6svqd,anon+1cfbc2e4f1c4@example.invalid,2025-08-16 14:40:19.077742+02,es,ES,True,0.0,True
1o1mni7n8qmee7yzyh,,2025-08-16 14:26:21.141276+02,en,GB,False,17.9,False
1o1mni7n8qmee85964,anon+b666c83d1e2d@example.invalid,2025-08-16 14:28:39.825936+02,de,DE,True,22.3,True
1o1mni7n8qmee8lagy,,2025-08-16 14:36:56.960365+02,de,DE,False,15.3,False
1o1mni7n8qmee91z7v,anon+777164372780@example.invalid,2025-08-16 14:51:06.879963+02,es,ES,True,35.3,True
1o1mni7n8qmee985zh,,2025-08-16 14:52:06.924667+02,sv,SE,False,362.0,False
1o1mni7n8qmee9mfgd,anon+06a841aeb815@example.invalid,2025-08-16 15:16:49.379529+02,es,ES,True,24.8,True
1o1mni7n8qmee9x10i,anon+02b85d694b3d@example.invalid,2025-08-16 15:16:10.865091+02,es,ES,True,17.8,False
1o1mni7n8qmee9xtrp,anon+ab308d3bae93@example.invalid,2025-08-16 15:52:19.084119+02,it,IT,True,22.3,True
1o1mni7n8qmeea2shu,anon+faa0f7cd5ed2@example.invalid,2025-08-16 15:15:40.325416+02,en,GB,True,0.0,True
1o1mni7n8qmeea585i,anon+479cf9973f7a@example.invalid,2025-08-19 16:36:34.285597+02,en,GB,True,24.9,False
1o1mni7n8qmeeanlcf,,2025-08-16 15:29:48.454178+02,es,ES,False,0.0,False
1o1mni7n8qmeeaog1t,,2025-08-16 15:41:14.682699+02,it,IT,False,22.3,False
1o1mni7n8qmeeaonxf,anon+b8aa37d6de32@example.invalid,2025-08-16 15:33:42.103581+02,it,IT,True,11.8,True
1o1mni7n8qmeeasm2c,,2025-08-16 15:35:29.962845+02,sv,SE,False,246.0,False
1o1mni7n8qmeeasutx,anon+751344dab575@example.invalid,2025-08-16 15:39:50.646645+02,es,ES,True,17.8,False
1o1mni7n8qmeebg3wm,,2025-08-16 15:57:53.173523+02,en,GB,False,31.9,False
1o1mni7n8qmeebkgag,,2025-08-16 16:10:35.63148+02,en,GB,False,35.4,False
1o1mni7n8qmeebmli6,,2025-08-16 15:58:48.218757+02,fr,FR,False,10.8,False
1o1mni7n8qmeebwsu6,anon+9c4c05b3f330@example.invalid,2025-08-16 16:21:27.899976+02,es,ES,True,,False
1o1mni7n8qmeec1ujl,anon+7d2c19c8c6f9@example.invalid,2025-08-16 16:22:41.059725+02,es,ES,True,0.0,True
1o1mni7n8qmeecp30q,,2025-08-16 16:28:30.947466+02,de,DE,False,11.8,False
1o1mni7n8qmeect04s,,2025-08-16 16:29:57.871682+02,es,ES,False,,False
1o1mni7n8qmeect1wr,anon+5f80de250123@example.invalid,2025-08-16 16:30:00.172939+02,es,ES,True,,False
1o1mni7n8qmeecyuuu,anon+a43662977830@example.invalid,2025-08-16 16:40:25.680082+02,en,GB,True,0.0,False
1o1mni7n8qmeedorn5,,2025-08-16 17:13:29.655017+02,es,ES,False,0.0,False
1o1mni7n8qmeeej5xn,anon+faa0f7cd5ed2@example.invalid,2025-08-16 17:18:22.24909+02,en,GB,True,0.0,False
1o1mni7n8qmeeevjwq,anon+74ec63a2f881@example.invalid,2025-08-16 17:37:11.458805+02,es,ES,True,21.3,False
1o1mni7n8qmeef0ims,anon+bf63f73be02f@example.invalid,2025-08-16 17:36:39.789641+02,fr,FR,True,,False
1o1mni7n8qmeefs2vm,,2025-08-16 18:10:28.295142+02,es,ES,False,41.59,False
1o1mni7n8qmeefsgxb,anon+842d659d1c6c@example.invalid,2025-08-16 20:13:11.021418+02,en,US,True,14.0,True
1o1mni7n8qmeeg6ls4,anon+b3469e574afd@example.invalid,2025-08-16 18:18:49.969909+02,en,SE,True,,False
1o1mni7n8qmeeg76a2,,2025-08-16 18:06:32.600382+02,de,DE,True,11.9,True
1o1mni7n8qmeegl6f8,anon+2ebbf77a3c26@example.invalid,2025-08-16 18:25:56.9769+02,en,GB,True,21.4,False
1o1mni7n8qmeegxvyn,,2025-08-16 18:59:48.489033+02,es,ES,False,,False
1o1mni7n8qmeehzabi,,2025-08-16 19:06:33.928239+02,de,DE,False,35.75,False
1o1mni7n8qmeei2l6t,,2025-08-16 19:06:06.049649+02,de,DE,False,22.2,False
1o1mni7n8qmeei7dbf,anon+86b41eed721e@example.invalid,2025-08-16 19:11:18.594392+02,en,GB,True,0.0,True
1o1mni7n8qmeeiejru,,2025-08-16 19:12:22.398386+02,es,ES,False,17.8,False
1o1mni7n8qmeej9bev,anon+086bbb276d50@example.invalid,2025-08-16 20:14:59.219482+02,de,DE,True,18.8,True
1o1mni7n8qmeeje246,,2025-08-19 19:31:45.587865+02,fr,FR,False,15.3,False
1o1mni7n8qmeejngo7,anon+6f8a2887876f@example.invalid,2025-08-16 19:50:41.896546+02,es,ES,True,,False
1o1mni7n8qmeejzkeu,anon+6d93645ed9b6@example.invalid,2025-08-16 20:00:54.388809+02,en,GB,True,,True
1o1mni7n8qmeekqhc9,,2025-08-16 20:12:10.784306+02,en,GB,False,,False
1o1mni7n8qmeekzhxv,anon+9d4ff1f8f0a1@example.invalid,2025-08-16 20:41:07.487688+02,de,DE,True,0.0,True
1o1mni7n8qmeelpwqt,anon+dd63ec7e0daf@example.invalid,2025-08-17 12:14:09.091557+02,es,ES,True,10.8,True
1o1mni7n8qmeelqmcf,,2025-08-16 20:57:01.67672+02,fr,FR,False,18.8,False
1o1mni7n8qmeema0c6,,2025-08-16 21:01:05.313155+02,en,GB,False,24.9,False
1o1mni7n8qmeen4wss,,2025-08-16 21:32:16.951566+02,de,DE,False,29.3,False
1o1mni7n8qmeen5882,anon+b9734279aa25@example.invalid,2025-08-16 21:22:46.775102+02,en,GB,True,60.0,False
1o1mni7n8qmeenh65q,anon+21824afd53a6@example.invalid,2025-08-16 21:42:19.913065+02,es,ES,True,,False
1o1mni7n8qmeeo9tan,anon+eb9ce58a68f9@example.invalid,2025-08-16 22:23:27.645426+02,de,DE,True,22.3,True
1o1mni7n8qmeepk24v,,2025-08-16 22:27:32.57056+02,de,DE,False,11.9,False
1o1mni7n8qmeeq2967,,2025-08-16 23:19:08.866541+02,en,GB,False,31.9,False
1o1mni7n8qmeeqaes5,anon+e5c35249bc3e@example.invalid,2025-08-16 22:55:03.488797+02,en,GB,True,14.4,False
1o1mni7n8qmeer8bvw,,2025-08-16 23:18:49.91928+02,en,GB,False,20.8,False
1o1mni7n8qmeerurff,,2025-08-16 23:38:42.270803+02,fr,FR,False,22.3,False
1o1mni7n8qmeesmua2,,2025-08-16 23:59:42.049358+02,es,ES,False,25.75,False
1o1mni7n8qmef1ngr5,,2025-08-17 04:10:59.568504+02,es,ES,False,14.3,False
1o1mni7n8qmef6tssu,,2025-08-20 07:28:10.635879+02,fr,FR,True,,True
1o1mni7n8qmefc1z7g,,2025-08-17 08:56:43.909916+02,fr,FR,False,,False
1o1mni7n8qmefcntda,anon+dedcb3facb1b@example.invalid,2025-08-17 09:35:33.870209+02,es,ES,True,35.3,True
1o1mni7n8qmefd3m6i,anon+ad70022bbea3@example.invalid,2025-08-17 22:48:51.520781+02,en,GB,True,24.9,False
1o1mni7n8qmefd554u,,2025-08-17 09:39:42.478734+02,de,DE,False,25.8,False
1o1mni7n8qmefd82ld,anon+cd248c192579@example.invalid,2025-08-17 09:31:35.551102+02,en,GB,True,0.0,True
1o1mni7n8qmefdhdwp,anon+062652cb01c9@example.invalid,2025-08-17 09:47:51.893791+02,de,DE,True,18.8,True
1o1mni7n8qmefehmsm,,2025-08-22 17:48:07.716198+02,en,GB,True,37.0,False
1o1mni7n8qmefenulf,,2025-08-17 11:28:18.315696+02,fr,FR,False,18.8,False
1o1mni7n8qmefeqtxz,anon+02b85d694b3d@example.invalid,2025-08-17 10:15:35.188695+02,es,ES,True,17.8,False
1o1mni7n8qmeffos54,anon+495b4521a643@example.invalid,2025-08-17 10:43:55.899416+02,de,DE,True,20.74,True
1o1mni7n8qmeffqfl2,anon+11f22fb8257c@example.invalid,2025-08-17 10:58:17.080521+02,es,ES,True,21.3,False
1o1mni7n8qmeffu6xs,anon+5a153834fadc@example.invalid,2025-08-17 10:50:17.681967+02,fr,FR,True,18.8,True
1o1mni7n8qmeffv3j3,anon+8353558f9f0c@example.invalid,2025-08-17 10:49:00.628611+02,es,ES,True,24.8,False
1o1mni7n8qmefga89e,,2025-08-20 17:53:36.265412+02,es,ES,False,24.8,False
1o1mni7n8qmefh6fgf,,2025-08-17 11:20:16.186843+02,fr,GB,False,,False
1o1mni7n8qmefi9cpi,anon+c4089a5f0654@example.invalid,2025-08-17 12:01:46.390981+02,es,ES,True,24.8,True
1o1mni7n8qmefilsgs,anon+1cc02a66d145@example.invalid,2025-08-17 12:14:26.535123+02,es,ES,True,24.8,True
1o1mni7n8qmefj6apz,anon+0245fc0fdc21@example.invalid,2025-08-17 12:23:31.213002+02,es,ES,True,21.3,False
1o1mni7n8qmefjj1ko,,2025-08-17 12:31:28.133529+02,fr,FR,False,11.8,False
1o1mni7n8qmefjl37u,anon+bcff93ca2963@example.invalid,2025-08-17 12:27:33.239682+02,es,ES,True,10.8,False
1o1mni7n8qmefjw6x8,anon+730be407f7e2@example.invalid,2025-08-17 12:47:14.045483+02,es,ES,True,,True
1o1mni7n8qmefk5nm1,anon+888c397b65d9@example.invalid,2025-08-17 12:45:07.96469+02,fr,FR,True,36.3,True
1o1mni7n8qmefkoth0,,2025-08-17 12:59:09.532469+02,de,DE,False,17.4,False
1o1mni7n8qmefkrv38,anon+0b407bb2af1f@example.invalid,2025-08-17 13:10:44.633217+02,es,ES,True,21.3,True
1o1mni7n8qmefkv5ya,,2025-08-17 13:06:03.583766+02,en,GB,False,20.23,False
1o1mni7n8qmefla92u,anon+e500b3086518@example.invalid,2025-08-17 13:23:49.175282+02,es,ES,True,14.3,True
1o1mni7n8qmeflg7bx,,2025-08-17 13:32:15.018161+02,fr,FR,False,11.8,False
1o1mni7n8qmeflkqfq,,2025-08-17 13:26:07.229745+02,de,DE,False,,False
1o1mni7n8qmefmu23r,,2025-08-17 14:15:46.718027+02,fr,FR,False,36.3,False
1o1mni7n8qmefmxzq9,,2025-08-17 14:17:46.910233+02,es,ES,False,27.8,False
1o1mni7n8qmefn5im6,,2025-08-17 14:35:57.892094+02,fr,FR,False,29.3,False
1o1mni7n8qmefnaquc,,2025-08-17 14:22:14.35104+02,en,GB,False,31.9,False
1o1mni7n8qmefnkeu9,anon+e5f981c5c530@example.invalid,2025-08-17 14:28:46.917591+02,sv,SE,True,153.0,True
1o1mni7n8qmefp0uag,,2025-08-17 14:59:48.253193+02,fr,FR,False,0.0,False
1o1mni7n8qmefpfjxy,,2025-08-17 15:15:55.516246+02,en,GB,False,24.9,False
1o1mni7n8qmefqarzq,,2025-08-17 16:03:46.413965+02,es,ES,False,42.2,False
1o1mni7n8qmefqdxkn,anon+8c4af499e091@example.invalid,2025-08-17 15:57:58.950676+02,es,ES,True,24.8,True
1o1mni7n8qmefqh03x,anon+3e460e944635@example.invalid,2025-08-17 15:56:27.423062+02,es,ES,True,21.3,True
1o1mni7n8qmefqkq8x,,2025-08-17 15:44:14.502966+02,fr,FR,False,0.0,False
1o1mni7n8qmefqvqv4,anon+1544edd823ae@example.invalid,2025-08-17 16:01:43.467636+02,es,ES,True,28.3,False
1o1mni7n8qmefrct48,anon+a256bb2f29ef@example.invalid,2025-08-17 16:17:45.919267+02,en,GB,True,24.9,False
1o1mni7n8qmefrg0mq,,2025-08-17 16:46:45.909589+02,es,ES,False,17.8,False
1o1mni7n8qmefrxoh8,anon+29025fa8ce76@example.invalid,2025-08-17 16:21:21.208127+02,es,ES,True,34.54,True
1o1mni7n8qmefse3rc,,2025-08-17 16:46:37.814508+02,es,ES,False,,False
1o1mni7n8qmefspjhl,,2025-08-17 16:45:17.919042+02,en,GB,False,,False
1o1mni7n8qmefswcp7,,2025-08-17 16:58:14.96213+02,fr,FR,False,17.8,False
1o1mni7n8qmeftfz7r,,2025-08-17 17:08:42.505184+02,es,ES,False,30.9,False
1o1mni7n8qmeftyfgd,anon+1fd64dbbe326@example.invalid,2025-08-17 17:23:22.191508+02,en,GB,True,21.4,False
1o1mni7n8qmeftygym,anon+75c5f1266c72@example.invalid,2025-08-17 17:23:18.334135+02,sv,SE,True,368.84,False
1o1mni7n8qmefufx0l,,2025-08-17 17:45:07.25159+02,es,ES,True,28.3,False
1o1mni7n8qmefuvm0f,anon+07fd4e95d3ea@example.invalid,2025-08-17 17:59:47.584234+02,de,DE,True,25.8,True
1o1mni7n8qmefv9eka,anon+ce3443b1a713@example.invalid,2025-08-17 18:04:09.689536+02,fr,FR,True,21.62,False
1o1mni7n8qmefvm8g0,,2025-08-17 18:14:35.312361+02,de,DE,False,17.4,False
1o1mni7n8qmefvnx5c,,2025-08-17 18:13:14.088286+02,de,DE,False,,False
1o1mni7n8qmefwcfd3,anon+03bd60764b22@example.invalid,2025-08-17 18:44:36.915986+02,es,ES,True,64.7,False
1o1mni7n8qmefwhg48,,2025-08-17 18:46:37.644957+02,es,ES,False,21.3,False
1o1mni7n8qmefwhyh3,anon+5c95f4f5f31b@example.invalid,2025-08-17 18:46:47.354228+02,es,ES,True,17.82,True
1o1mni7n8qmefwhz2c,anon+1bb6ab4f2224@example.invalid,2025-08-17 18:43:07.571954+02,en,GB,True,,False
1o1mni7n8qmefwk48v,anon+3247cc75a5a6@example.invalid,2025-08-17 18:41:13.827593+02,es,ES,True,0.0,True
1o1mni7n8qmefwpasb,anon+05e65a474629@example.invalid,2025-08-17 18:38:50.261338+02,fr,FR,True,55.7,True
1o1mni7n8qmefx965j,anon+e25d380ab311@example.invalid,2025-08-17 19:02:15.942657+02,en,GB,True,0.0,False
1o1mni7n8qmefxd0uv,anon+d1c6ae5dc93a@example.invalid,2025-08-17 19:11:20.531928+02,fr,CH,True,22.3,True
1o1mni7n8qmefxd3f9,,2025-08-18 04:55:44.611969+02,en,GB,False,14.4,False
1o1mni7n8qmefyfpy4,anon+ad61347f46c6@example.invalid,2025-08-17 20:04:46.219953+02,es,ES,True,21.3,False
1o1mni7n8qmefymh9p,,2025-08-17 19:31:53.889754+02,en,GB,False,21.4,False
1o1mni7n8qmefyqn9g,anon+59296812a42c@example.invalid,2025-08-17 19:34:46.885807+02,en,GB,True,0.0,False
1o1mni7n8qmefyy4sx,,2025-08-17 19:40:09.254397+02,es,ES,False,13.85,False
1o1mni7n8qmefzen6u,,2025-08-17 19:55:07.808287+02,fr,FR,True,,True
1o1mni7n8qmefzrqix,anon+3783ce20d81e@example.invalid,2025-08-17 20:02:26.011963+02,fr,FR,True,,False
1o1mni7n8qmefzzij1,,2025-08-17 21:00:19.143478+02,es,ES,False,24.8,False
1o1mni7n8qmeg0d6ga,,2025-08-17 20:17:46.257675+02,fr,FR,False,,False
1o1mni7n8qmeg0qleb,anon+98d5192de440@example.invalid,2025-08-17 20:42:43.584653+02,es,ES,True,24.7,True
1o1mni7n8qmeg19hz3,anon+ede2d4180c9e@example.invalid,2025-08-17 20:55:59.351276+02,en,GB,True,28.4,False
1o1mni7n8qmeg1zkoh,,2025-08-17 21:24:42.103189+02,fr,FR,False,34.7,False
1o1mni7n8qmeg48ya3,,2025-08-17 22:09:04.767771+02,fr,FR,False,18.8,False
1o1mni7n8qmeg4fc4f,anon+a24d0bf49ab6@example.invalid,2025-08-23 14:48:32.142834+02,fr,FR,True,,False
1o1mni7n8qmeg4wnlj,anon+ab4ab64ae73f@example.invalid,2025-08-20 11:36:46.718219+02,fr,FR,True,29.3,True
1o1mni7n8qmeg5f7n1,anon+28bbf194050c@example.invalid,2025-08-18 05:45:58.484087+02,es,ES,True,,True
1o1mni7n8qmeg6qdys,,2025-08-21 14:11:07.999803+02,es,ES,False,,False
1o1mni7n8qmeg6z3ks,,2025-08-17 23:43:56.360857+02,fr,FR,False,29.3,False
1o1mni7n8qmeg6z8vu,anon+b0954695a900@example.invalid,2025-08-18 15:47:35.236777+02,en,GB,True,24.9,True
1o1mni7n8qmeg7gfgu,anon+ad61347f46c6@example.invalid,2025-08-17 23:41:16.429246+02,es,ES,True,,False
1o1mni7n8qmeg86w0e,anon+89bf3788fca0@example.invalid,2025-08-17 23:57:18.635646+02,es,ES,True,16.4,True
1o1mni7n8qmeg91rmt,anon+674da11b01c5@example.invalid,2025-08-18 00:53:02.18062+02,es,ES,True,,False
1o1mni7n8qmeg9c1ul,anon+c4b3042a98d8@example.invalid,2025-08-18 00:43:42.611761+02,es,ES,True,21.3,False
1o1mni7n8qmegbdg8h,,2025-08-21 22:54:40.469388+02,es,ES,False,24.8,False
1o1mni7n8qmegmmru0,,2025-08-18 06:41:45.24148+02,de,DE,False,14.85,False
1o1mni7n8qmegotv3t,,2025-08-18 07:47:04.041511+02,fr,FR,False,18.7,False
1o1mni7n8qmegsqku2,,2025-08-18 10:04:59.668967+02,fr,FR,False,15.3,False
1o1mni7n8qmegsykla,,2025-08-18 10:06:41.633756+02,es,ES,False,38.25,False
1o1mni7n8qmegt6zjg,anon+8e5bbb621974@example.invalid,2025-08-18 09:47:57.805216+02,fr,FR,True,34.65,False
1o1mni7n8qmegt8rza,,2025-08-18 09:48:43.985327+02,fr,FR,False,11.8,False
1o1mni7n8qmegufd8m,,2025-08-18 10:18:50.185544+02,es,ES,False,,False
1o1mni7n8qmeguy8hs,anon+d2742fae07a3@example.invalid,2025-08-18 10:47:57.940749+02,fr,FR,True,,False
1o1mni7n8qmegv191c,,2025-08-21 20:29:59.060105+02,es,ES,False,14.3,False
1o1mni7n8qmegvfmij,,2025-08-18 10:49:39.605975+02,de,DE,False,17.4,False
1o1mni7n8qmegw7mdp,,2025-08-18 11:25:44.253684+02,en,GB,False,,False
1o1mni7n8qmegz907j,anon+0deab347b33f@example.invalid,2025-08-19 22:26:22.887859+02,es,ES,True,28.3,True
1o1mni7n8qmegzg8to,anon+2736a47bd109@example.invalid,2025-08-18 13:03:51.202424+02,fr,FR,True,29.3,True
1o1mni7n8qmeh0mf2h,anon+999a25de9b18@example.invalid,2025-08-18 13:19:52.431847+02,es,ES,True,21.3,True
1o1mni7n8qmeh0ow9y,anon+69c2d763ea92@example.invalid,2025-08-18 13:17:49.598016+02,es,ES,True,10.8,True
1o1mni7n8qmeh0rx09,,2025-08-18 13:19:01.240287+02,fr,FR,False,32.8,False
1o1mni7n8qmeh10jj5,anon+8058e84ac06d@example.invalid,2025-08-18 13:32:53.426273+02,es,ES,True,21.3,True
1o1mni7n8qmeh14x6j,,2025-08-18 13:36:09.388352+02,en,GB,False,,False
1o1mni7n8qmeh1kdmg,anon+2ec938d3bcf7@example.invalid,2025-08-18 14:48:51.992984+02,en,GB,True,17.9,False
1o1mni7n8qmeh1nzxg,anon+1b6791ae6f6f@example.invalid,2025-08-18 13:50:24.612726+02,en,GB,True,,False
1o1mni7n8qmeh1skmd,,2025-08-18 13:50:18.743778+02,en,GB,False,21.4,False
1o1mni7n8qmeh23cud,,2025-08-18 13:53:58.200092+02,it,IT,False,22.3,False
1o1mni7n8qmeh23pgx,anon+c9f798bf3590@example.invalid,2025-08-18 13:56:56.274701+02,it,IT,True,0.0,True
1o1mni7n8qmeh2hy9u,anon+9bab3d0a9b5f@example.invalid,2025-08-18 14:09:13.31865+02,en,GB,True,35.0,False
1o1mni7n8qmeh3dvug,anon+057c13a15dc5@example.invalid,2025-08-18 14:55:33.605691+02,fr,FR,True,25.8,True
1o1mni7n8qmeh3f7wp,,2025-08-18 14:54:59.776456+02,it,IT,False,36.3,False
1o1mni7n8qmeh3lda9,anon+ec4a8852dc2c@example.invalid,2025-08-18 14:42:25.172218+02,es,ES,True,24.3,True
1o1mni7n8qmeh3smxz,anon+d45203942308@example.invalid,2025-08-18 14:49:47.088691+02,fr,FR,True,22.3,True
1o1mni7n8qmeh3uhc2,anon+a4caaed73889@example.invalid,2025-08-18 14:46:13.936857+02,es,ES,True,24.8,True
1o1mni7n8qmeh42odt,anon+2bacb6b6c54c@example.invalid,2025-08-18 14:58:21.378684+02,es,ES,True,43.54,True
1o1mni7n8qmeh4af46,anon+afc653675d5b@example.invalid,2025-08-18 15:06:02.387585+02,es,ES,True,28.3,False
1o1mni7n8qmeh4axta,anon+269cf1beae67@example.invalid,2025-08-18 15:14:57.611646+02,es,ES,True,,False
1o1mni7n8qmeh4bheo,,2025-08-18 14:55:43.165022+02,en,US,False,0.0,False
1o1mni7n8qmeh4u48b,anon+d8876fa0a23a@example.invalid,2025-08-18 15:16:19.148556+02,de,DE,True,22.3,True
1o1mni7n8qmeh5rvzt,,2025-08-19 16:11:44.584013+02,es,ES,False,14.3,False
1o1mni7n8qmeh6vqge,,2025-08-18 16:11:27.12321+02,it,IT,False,18.8,False
1o1mni7n8qmeh6yal9,anon+f639dc61565a@example.invalid,2025-08-18 16:14:57.23868+02,es,ES,True,,False
1o1mni7n8qmeh70d23,,2025-08-18 16:27:14.864516+02,fr,US,False,,False
1o1mni7n8qmeh787m6,anon+ca77607997bf@example.invalid,2025-08-18 16:26:13.546525+02,es,ES,True,,False
1o1mni7n8qmeh7jqc0,,2025-08-18 16:26:59.110098+02,en,GB,False,16.9,False
1o1mni7n8qmeh7nbk8,anon+33deec22bb6c@example.invalid,2025-08-18 16:31:54.413391+02,es,ES,True,,False
1o1mni7n8qmeh8cdd3,,2025-08-18 16:51:27.469821+02,es,ES,False,10.8,False
1o1mni7n8qmeh8f3yz,anon+9981508aa965@example.invalid,2025-08-18 17:03:29.800297+02,en,GB,True,28.4,True
1o1mni7n8qmeh8j0dt,anon+49b4744da584@example.invalid,2025-08-18 17:00:10.794947+02,es,ES,True,,False
1o1mni7n8qmeh9gbmc,,2025-08-21 15:32:51.375873+02,es,ES,False,28.3,False
1o1mni7n8qmeh9l5nv,anon+4f778d23b545@example.invalid,2025-08-18 17:31:54.991486+02,sv,SE,True,227.8,True
1o1mni7n8qmeha9n0l,,2025-08-18 17:45:16.324928+02,es,ES,False,10.8,False
1o1mni7n8qmehae8kb,,2025-08-18 17:57:34.461581+02,it,IT,False,,False
1o1mni7n8qmehbyqti,anon+d3816c9cd6df@example.invalid,2025-08-18 18:32:05.948419+02,es,ES,True,,False
1o1mni7n8qmehcpea4,,2025-08-18 18:54:06.592638+02,de,DE,False,25.8,False
1o1mni7n8qmehd0jna,,2025-08-20 10:10:01.310451+02,es,ES,False,17.8,False
1o1mni7n8qmehd98b4,,2025-08-18 19:09:05.263907+02,de,DE,False,18.8,False
1o1mni7n8qmehea0bl,,2025-08-18 19:36:25.626885+02,en,GB,False,10.9,False
1o1mni7n8qmehebtqs,anon+11c88562ca71@example.invalid,2025-08-18 19:42:47.07097+02,fr,FR,True,15.3,True
1o1mni7n8qmehefsiv,anon+49798ba1071b@example.invalid,2025-08-18 19:41:40.86546+02,en,GB,True,24.9,True
1o1mni7n8qmehejyb6,,2025-08-18 20:38:07.571663+02,de,DE,False,18.8,False
1o1mni7n8qmehep21t,,2025-08-18 19:48:48.124543+02,de,DE,False,,False
1o1mni7n8qmehf0i1c,,2025-08-18 20:48:52.05324+02,fr,FR,False,14.4,False
1o1mni7n8qmehfh05l,,2025-08-18 20:10:08.009345+02,es,ES,False,10.8,False
1o1mni7n8qmehfjarp,anon+4e18ecb062e0@example.invalid,2025-08-19 16:25:54.27881+02,es,ES,True,,False
1o1mni7n8qmehflb62,anon+a7499ed52164@example.invalid,2025-08-18 20:19:07.834496+02,es,ES,True,24.8,False
1o1mni7n8qmehfssrr,anon+192716ddd21c@example.invalid,2025-08-18 20:38:44.459016+02,fr,FR,True,0.0,True
1o1mni7n8qmehg0qd3,,2025-08-18 20:24:36.143175+02,es,ES,False,36.3,False
1o1mni7n8qmehh2yw0,anon+05e8779b93bd@example.invalid,2025-08-18 20:59:47.740415+02,en,GB,True,,False
1o1mni7n8qmehhduzz,anon+2ee96e6ee75b@example.invalid,2025-08-18 21:07:32.293691+02,es,ES,True,28.3,True
1o1mni7n8qmehhq8lj,,2025-08-18 21:13:47.794062+02,es,ES,False,0.0,False
1o1mni7n8qmehhwltd,anon+377e0ff312d8@example.invalid,2025-08-18 21:26:41.188636+02,it,IT,True,36.3,True
1o1mni7n8qmehi29k5,,2025-08-18 21:31:44.282995+02,fr,FR,False,30.7,False
1o1mni7n8qmehi2gwa,anon+6fe2ca0a8ffc@example.invalid,2025-08-18 21:23:13.73914+02,fr,FR,True,23.8,False
1o1mni7n8qmehi8dfj,anon+d87919cad618@example.invalid,2025-08-18 21:26:41.576595+02,it,IT,True,10.42,True
1o1mni7n8qmehijxv5,anon+2ec938d3bcf7@example.invalid,2025-08-18 21:48:25.431155+02,en,GB,True,0.0,True
1o1mni7n8qmehjccsv,,2025-08-18 21:56:18.141246+02,sv,SE,False,,False
1o1mni7n8qmehjn15t,anon+717cb3202a59@example.invalid,2025-08-20 14:26:22.923725+02,en,GB,True,,True
1o1mni7n8qmehjvc25,,2025-08-18 22:25:19.887032+02,en,GB,False,24.9,False
1o1mni7n8qmehlg2zm,,2025-08-18 23:15:05.764586+02,en,GB,False,17.9,False
1o1mni7n8qmehlslm4,,2025-08-18 23:09:42.217966+02,es,ES,False,28.3,False
1o1mni7n8qmehm2eo0,,2025-08-18 23:15:46.478728+02,es,ES,False,23.42,False
1o1mni7n8qmehm3dmv,anon+5561e3219a1e@example.invalid,2025-08-18 23:22:45.508922+02,es,ES,True,45.3,False
1o1mni7n8qmehmhmfg,,2025-08-18 23:24:22.246109+02,en,GB,False,,False
1o1mni7n8qmehmicah,,2025-08-18 23:32:59.463648+02,es,ES,True,24.8,False
1o1mni7n8qmehnx5b9,anon+84c1a2a30c8e@example.invalid,2025-08-19 00:18:14.507105+02,fr,FR,True,,False
1o1mni7n8qmehoe5qu,,2025-08-19 00:19:44.587516+02,en,GB,False,,False
1o1mni7n8qmehpatj2,anon+34cea0ab16ed@example.invalid,2025-08-23 16:24:42.493815+02,es,ES,True,26.7,False
1o1mni7n8qmehs6dmt,,2025-08-19 02:04:14.779301+02,sv,US,False,,False
1o1mni7n8qmehuzvuj,,2025-08-19 03:35:02.333724+02,de,DE,False,34.2,False
1o1mni7n8qmei1k23j,,2025-08-19 06:28:34.454983+02,de,DE,False,11.8,False
1o1mni7n8qmei3380h,anon+6b8dee9b968e@example.invalid,2025-08-19 07:19:55.035322+02,en,GB,True,,False
1o1mni7n8qmei3ygnq,anon+0d22f70d63fe@example.invalid,2025-08-19 07:45:31.546151+02,es,ES,True,,False
1o1mni7n8qmei56qhq,,2025-08-19 08:08:01.82735+02,es,ES,False,0.0,False
1o1mni7n8qmei5fp0z,anon+0d22f70d63fe@example.invalid,2025-08-21 08:09:36.327183+02,es,ES,True,17.82,False
1o1mni7n8qmei5o24p,,2025-08-19 08:29:31.699608+02,de,AT,False,22.3,False
1o1mni7n8qmei68z7e,anon+7ad1a844f610@example.invalid,2025-08-20 00:12:35.698013+02,es,ES,True,24.8,True
1o1mni7n8qmei75haw,anon+26b7cf2b25a0@example.invalid,2025-08-19 09:08:03.447762+02,es,ES,True,0.0,False
1o1mni7n8qmei77vih,anon+a6f0af6169cd@example.invalid,2025-08-19 09:25:47.586837+02,it,IT,True,24.2,True
1o1mni7n8qmei877xy,,2025-08-19 09:34:33.800162+02,it,IT,False,16.7,False
1o1mni7n8qmei90bgz,anon+041be0003fd2@example.invalid,2025-08-19 09:57:15.25602+02,es,ES,True,,False
1o1mni7n8qmei9gcpf,anon+0cae91c4431b@example.invalid,2025-08-19 11:02:31.199174+02,de,DE,True,24.75,False
1o1mni7n8qmei9u8tb,,2025-08-19 10:27:16.286652+02,en,GB,True,,True
1o1mni7n8qmeib8af1,anon+60cc922062db@example.invalid,2025-08-19 11:16:48.47181+02,es,ES,True,24.8,True
1o1mni7n8qmeibm1qs,anon+e5eaf72e9748@example.invalid,2025-08-19 11:10:58.913974+02,fr,FR,True,,False
1o1mni7n8qmeic1x0s,,2025-08-19 11:28:18.957543+02,de,DE,False,0.0,False
1o1mni7n8qmeic7te3,anon+16324c555abc@example.invalid,2025-08-19 11:42:22.912892+02,en,GB,True,21.4,True
1o1mni7n8qmeicg8nn,anon+ca44751f1b7a@example.invalid,2025-08-19 11:39:24.776114+02,en,GB,True,,False
1o1mni7n8qmeid1znn,,2025-08-19 11:48:03.218492+02,en,GB,False,,False
1o1mni7n8qmeidc2b5,,2025-08-19 12:16:47.762158+02,es,ES,False,31.8,False
1o1mni7n8qmeie3e5r,anon+2878cac1b4ea@example.invalid,2025-08-19 12:55:43.087602+02,es,ES,True,24.8,True
1o1mni7n8qmeiec2zf,anon+bb303ab0b155@example.invalid,2025-08-19 12:25:19.221787+02,es,ES,True,26.24,True
1o1mni7n8qmeiec7yn,,2025-08-19 12:29:44.143825+02,es,ES,False,13.8,False
1o1mni7n8qmeiel3m9,,2025-08-19 12:31:01.695114+02,es,ES,False,,False
1o1mni7n8qmeif3q9w,anon+bf63f73be02f@example.invalid,2025-08-19 12:58:13.113311+02,fr,FR,True,50.16,True
1o1mni7n8qmeif7o3i,anon+69a0f2823f7d@example.invalid,2025-08-19 12:56:51.998149+02,es,ES,True,17.8,True
1o1mni7n8qmeif85dt,anon+fee6afede147@example.invalid,2025-08-19 12:57:20.972911+02,es,ES,True,,False
1o1mni7n8qmeifjbd2,,2025-08-19 12:57:34.499062+02,es,RO,False,,False
1o1mni7n8qmeiftynb,anon+dd0707747384@example.invalid,2025-08-19 13:06:54.800721+02,en,GB,True,0.0,True
1o1mni7n8qmeig5kbl,,2025-08-19 13:15:31.8673+02,es,ES,False,17.8,False
1o1mni7n8qmeigy4ij,,2025-08-19 23:20:17.089797+02,it,IT,False,22.3,False
1o1mni7n8qmeihdbec,,2025-08-19 13:54:37.135004+02,it,IT,False,0.0,False
1o1mni7n8qmeihnp6u,anon+6ccc53ecba9f@example.invalid,2025-08-19 14:00:12.745025+02,fr,FR,True,,False
1o1mni7n8qmeihqoaf,anon+93fdbb507c13@example.invalid,2025-08-19 14:21:54.437712+02,fr,FR,True,36.79,False
1o1mni7n8qmeiih1qq,anon+07da4845ed7e@example.invalid,2025-08-19 14:30:04.096175+02,es,ES,True,,False
1o1mni7n8qmeiiizlj,,2025-08-19 14:28:01.149866+02,de,DE,False,32.8,False
1o1mni7n8qmeiiokke,anon+b9b54f356022@example.invalid,2025-08-19 14:31:25.525539+02,fr,FR,True,,False
1o1mni7n8qmeij2fx5,anon+81293c91f3b8@example.invalid,2025-08-19 14:51:56.921932+02,fr,FR,True,35.15,False
1o1mni7n8qmeijabww,,2025-08-19 14:54:52.147816+02,fr,FR,False,,False
1o1mni7n8qmeijuitj,,2025-08-19 16:43:30.420031+02,es,ES,False,,False
1o1mni7n8qmeikqnoa,,2025-08-19 15:43:06.717797+02,es,ES,False,,False
1o1mni7n8qmeikzqqu,,2025-08-19 15:36:12.600677+02,fr,FR,False,,False
1o1mni7n8qmeil274d,anon+07da4845ed7e@example.invalid,2025-08-22 16:41:40.965969+02,es,ES,True,31.8,True
1o1mni7n8qmeilf5jz,anon+826dcb0256bb@example.invalid,2025-08-19 15:49:13.277042+02,es,ES,True,21.3,False
1o1mni7n8qmeilrj35,anon+3fdf60d87799@example.invalid,2025-08-19 16:17:50.029874+02,fr,FR,True,,False
1o1mni7n8qmeim12zk,,2025-08-19 16:00:07.637812+02,en,GB,False,14.65,False
1o1mni7n8qmeimi6qc,,2025-08-19 16:16:14.553215+02,es,ES,False,26.8,False
1o1mni7n8qmeimpelr,anon+3fdf60d87799@example.invalid,2025-08-19 16:21:48.949628+02,fr,FR,True,25.8,False
1o1mni7n8qmeimvz6w,,2025-08-19 16:25:08.937075+02,es,ES,False,,False
1o1mni7n8qmein5zit,anon+e40649632c7a@example.invalid,2025-08-20 09:19:17.691061+02,es,ES,True,43.1,True
1o1mni7n8qmeinr4nr,anon+87e0581dc978@example.invalid,2025-08-19 17:00:16.981287+02,fr,FR,True,29.2,True
1o1mni7n8qmeipjk00,anon+fa76abea64e7@example.invalid,2025-08-19 17:47:44.520903+02,es,ES,True,21.3,True
1o1mni7n8qmeiq3zcq,anon+4e6e4227c915@example.invalid,2025-08-19 18:01:38.543798+02,sv,SE,True,153.0,False
1o1mni7n8qmeiq4cln,,2025-08-19 17:54:06.16884+02,es,ES,True,,True
1o1mni7n8qmeiq5lyu,anon+fa76abea64e7@example.invalid,2025-08-19 17:54:46.664508+02,es,ES,True,0.0,False
1o1mni7n8qmeiq8cs0,anon+a71b8e4ac55b@example.invalid,2025-08-19 18:05:19.033918+02,es,ES,True,,False
1o1mni7n8qmeiqlp3f,,2025-08-19 18:10:04.60813+02,en,GB,False,21.4,False
1o1mni7n8qmeir64nc,,2025-08-19 18:26:27.723471+02,es,ES,False,13.8,False
1o1mni7n8qmeirwq78,,2025-08-19 19:06:46.516837+02,es,ES,False,0.0,False
1o1mni7n8qmeis4e1q,,2025-08-19 19:00:43.014833+02,es,ES,False,22.91,False
1o1mni7n8qmeisn376,,2025-08-19 19:05:48.699462+02,de,DE,False,,False
1o1mni7n8qmeitx5kd,,2025-08-19 19:50:57.743563+02,fr,FR,False,15.3,False
1o1mni7n8qmeiu5nbs,,2025-08-19 19:47:52.878522+02,de,DE,False,24.6,False
1o1mni7n8qmeiuniny,anon+6312356a7a2c@example.invalid,2025-08-19 20:06:46.145553+02,fr,FR,True,11.8,True
1o1mni7n8qmeiup093,,2025-08-19 20:06:54.748325+02,es,ES,False,21.3,False
1o1mni7n8qmeiuraq7,,2025-08-19 20:05:18.752604+02,es,ES,False,17.8,False
1o1mni7n8qmeivk563,,2025-08-19 20:51:21.152584+02,en,GB,False,,False
1o1mni7n8qmeivv0tu,anon+7578feb6b24a@example.invalid,2025-08-19 20:41:50.948235+02,en,GB,True,,False
1o1mni7n8qmeiwdsk3,,2025-08-19 21:01:42.195474+02,de,AT,False,32.8,False
1o1mni7n8qmeiwxsng,,2025-08-19 21:10:03.591027+02,es,ES,False,28.2,False
1o1mni7n8qmeixd4y3,,2025-08-19 21:18:42.75943+02,en,GB,False,14.4,False
1o1mni7n8qmeiy0wsj,,2025-08-20 14:56:06.423453+02,en,BE,False,18.8,False
1o1mni7n8qmeiz5j7g,,2025-08-19 22:19:52.981307+02,es,ES,False,24.8,False
1o1mni7n8qmej1gszb,,2025-08-19 23:14:29.225237+02,en,GB,False,12.7,False
1o1mni7n8qmej27xf4,anon+8f2c6fffb463@example.invalid,2025-08-19 23:32:59.727164+02,es,ES,True,73.91,True
1o1mni7n8qmej3by1j,anon+fd18bebdae0b@example.invalid,2025-08-20 00:13:17.684729+02,fr,FR,True,18.8,False
1o1mni7n8qmej4w2rf,,2025-08-20 00:56:24.936436+02,es,ES,False,14.3,False
1o1mni7n8qmej53ew6,anon+efbb300bd5fe@example.invalid,2025-08-20 00:56:49.720456+02,it,IT,True,32.8,True
1o1mni7n8qmej5mzhu,,2025-08-20 01:08:14.2359+02,it,IT,False,,False
1o1mni7n8qmej6dsel,,2025-08-20 01:40:04.767264+02,es,ES,False,10.8,False
1o1mni7n8qmejgpche,,2025-08-20 21:55:05.833426+02,es,ES,False,,False
1o1mni7n8qmejiq1jw,anon+19364efef438@example.invalid,2025-08-20 07:18:48.644444+02,en,GB,True,19.5,True
1o1mni7n8qmejj9is4,,2025-08-20 07:31:42.452903+02,fr,FR,False,14.8,False
1o1mni7n8qmejkcy1g,anon+ef9af90b95ea@example.invalid,2025-08-20 08:42:05.685057+02,de,DE,True,22.3,True
1o1mni7n8qmejkpwi6,,2025-08-20 08:10:21.232578+02,fr,FR,False,0.0,False
1o1mni7n8qmejkq4l3,,2025-08-20 08:10:31.563617+02,fr,FR,False,,False
1o1mni7n8qmejkrepr,,2025-08-20 08:19:30.544656+02,en,GB,False,36.11,False
1o1mni7n8qmejl507u,,2025-08-20 08:25:52.233392+02,fr,FR,False,14.8,False
1o1mni7n8qmejlli3b,,2025-08-21 22:17:53.158441+02,fr,FR,False,14.65,False
1o1mni7n8qmejme0sb,anon+6c4852a94a1d@example.invalid,2025-08-20 09:00:49.151761+02,es,ES,True,21.3,False
1o1mni7n8qmejnyg6k,anon+ff9ccfbb6d08@example.invalid,2025-08-23 01:32:36.860463+02,fr,FR,True,42.7,False
1o1mni7n8qmejo6zrq,,2025-08-20 10:03:20.469437+02,es,ES,False,24.7,False
1o1mni7n8qmejoarlr,,2025-08-20 10:24:24.807244+02,fr,FR,False,15.3,False
1o1mni7n8qmejpdzjo,,2025-08-20 10:36:59.126379+02,it,IT,False,25.8,False
1o1mni7n8qmejqslbv,,2025-08-20 11:01:54.130666+02,es,ES,False,17.8,False
1o1mni7n8qmejrote5,,2025-08-20 11:27:45.647615+02,es,ES,False,,False
1o1mni7n8qmejs6sew,anon+8aa29d800186@example.invalid,2025-08-20 11:41:07.675595+02,it,IT,True,15.3,True
1o1mni7n8qmejsulv3,,2025-08-20 12:00:31.199579+02,es,ES,False,,False
1o1mni7n8qmejtkyap,anon+c4e34e55bd1a@example.invalid,2025-08-20 12:19:15.218654+02,es,ES,True,28.3,True
1o1mni7n8qmejtto4u,anon+9853dca8d2ac@example.invalid,2025-08-20 12:41:44.379295+02,es,ES,True,,False
1o1mni7n8qmeju8pkg,,2025-08-20 12:36:55.736686+02,es,ES,False,0.0,False
1o1mni7n8qmejuewvf,,2025-08-20 12:41:49.106124+02,fr,FR,False,,False
1o1mni7n8qmejure61,anon+21ff0c6ad5c4@example.invalid,2025-08-20 12:51:39.365347+02,de,DE,True,27.8,True
1o1mni7n8qmejv9ady,anon+c082761e1dd9@example.invalid,2025-08-20 13:11:42.387489+02,en,GB,True,36.9,True
1o1mni7n8qmejvqvno,,2025-08-20 13:21:40.379613+02,es,ES,False,0.0,False
1o1mni7n8qmejw9och,,2025-08-20 13:37:05.828907+02,de,DE,False,11.8,False
1o1mni7n8qmejwdz1o,,2025-08-20 13:48:37.437603+02,es,ES,False,,False
1o1mni7n8qmejwm4ls,,2025-08-20 13:44:12.422321+02,es,ES,False,14.4,False
1o1mni7n8qmejwx841,,2025-08-20 13:52:55.58707+02,fr,FR,False,,False
1o1mni7n8qmejx2ary,,2025-08-21 19:38:26.574315+02,en,GB,False,14.4,False
1o1mni7n8qmejx821l,anon+d91bedfa7cf0@example.invalid,2025-08-20 14:05:29.490375+02,sv,SE,True,0.0,True
1o1mni7n8qmejy5vez,anon+0db39fe42ee6@example.invalid,2025-08-20 14:33:53.053055+02,it,IT,True,,False
1o1mni7n8qmejy8u08,anon+2d1f9da176fe@example.invalid,2025-08-20 16:44:08.954059+02,es,ES,True,24.8,True
1o1mni7n8qmejykg8s,anon+099ab3bf4670@example.invalid,2025-08-20 14:46:41.3829+02,es,ES,True,21.3,True
1o1mni7n8qmejyqw62,,2025-08-20 14:50:28.491056+02,en,GB,False,,False
1o1mni7n8qmejzdhly,,2025-08-20 15:00:39.094298+02,it,IT,False,25.8,False
1o1mni7n8qmejznyvl,anon+d8eef7ef5aa3@example.invalid,2025-08-20 15:10:17.406262+02,es,ES,True,10.8,True
1o1mni7n8qmejzsc8i,anon+0db39fe42ee6@example.invalid,2025-08-20 15:54:45.784342+02,it,IT,True,,False
1o1mni7n8qmek0d6vw,anon+888c397b65d9@example.invalid,2025-08-31 14:30:56.2527+02,en,GB,True,,False
1o1mni7n8qmek0k8sc,anon+c8f8ef835ea2@example.invalid,2025-08-20 15:43:02.428983+02,es,ES,True,,False
1o1mni7n8qmek0pvhr,anon+e456ad0d0222@example.invalid,2025-08-20 15:40:11.662181+02,en,GB,True,21.4,True
1o1mni7n8qmek1qnk8,anon+82dbcf191b26@example.invalid,2025-08-20 16:28:18.575309+02,es,ES,True,28.3,False
1o1mni7n8qmek26q6m,anon+211955f24a20@example.invalid,2025-08-20 16:20:43.348402+02,es,ES,True,21.3,True
1o1mni7n8qmek2pmwn,,2025-08-20 16:34:07.56985+02,en,GB,False,,False
1o1mni7n8qmek2zszj,anon+4866fa07cf97@example.invalid,2025-08-20 16:44:01.776499+02,en,GB,True,28.4,True
1o1mni7n8qmek3cx24,anon+2ac4d0eca30f@example.invalid,2025-08-20 16:58:25.216341+02,es,ES,True,33.75,True
1o1mni7n8qmek3hpzy,anon+eabcc854af23@example.invalid,2025-08-20 16:59:38.197111+02,es,ES,True,,False
1o1mni7n8qmek3ij9q,,2025-08-20 16:58:55.284836+02,es,ES,False,,False
1o1mni7n8qmek3n5h6,anon+0b1de283ddd6@example.invalid,2025-08-20 17:02:35.061262+02,de,DE,True,14.85,True
1o1mni7n8qmek4b639,,2025-08-20 17:23:35.923924+02,fr,FR,False,22.3,False
1o1mni7n8qmek4ehdl,anon+a957afdac148@example.invalid,2025-08-20 17:22:48.25666+02,es,ES,True,15.02,True
1o1mni7n8qmek4ud3m,,2025-08-20 17:34:53.233638+02,de,DE,False,12.85,False
1o1mni7n8qmek674is,,2025-08-21 15:59:08.363853+02,es,ES,False,10.8,False
1o1mni7n8qmek69sdf,,2025-08-20 18:13:44.688572+02,en,RO,False,,False
1o1mni7n8qmek6iy9p,,2025-08-20 18:31:16.296693+02,fr,FR,False,0.0,False
1o1mni7n8qmek6vz5s,anon+7a65bb482522@example.invalid,2025-08-21 19:31:41.676433+02,de,DE,True,28.75,True
1o1mni7n8qmek70h46,anon+ce30b93f6bd0@example.invalid,2025-08-20 18:44:16.815108+02,fr,FR,True,24.2,True
1o1mni7n8qmek76pix,,2025-08-20 19:03:57.589029+02,es,ES,False,24.8,False
1o1mni7n8qmek9dyhx,,2025-08-20 19:53:08.671041+02,it,IT,False,19.4,False
1o1mni7n8qmek9fmja,,2025-08-20 19:54:13.399321+02,it,IT,False,,False
1o1mni7n8qmekcg3fk,anon+7b92daf4dd30@example.invalid,2025-08-23 11:30:12.082517+02,fr,FR,True,,False
1o1mni7n8qmekdbm4f,anon+3381ff1045aa@example.invalid,2025-08-20 22:19:05.339+02,es,ES,True,24.8,True
1o1mni7n8qmekdhism,anon+bc4b8295b205@example.invalid,2025-08-20 21:43:09.056785+02,de,DE,True,15.3,False
1o1mni7n8qmekdiw7f,anon+e9944a555a56@example.invalid,2025-08-20 21:42:36.226188+02,es,ES,True,21.3,False
1o1mni7n8qmekdn16t,anon+87834cfba550@example.invalid,2025-08-20 21:56:56.211469+02,de,DE,True,0.0,True
1o1mni7n8qmekdqljm,,2025-08-20 22:16:13.083374+02,es,ES,True,23.2,False
1o1mni7n8qmekebhwf,anon+bb303ab0b155@example.invalid,2025-08-20 21:59:27.161463+02,es,ES,True,4.32,False
1o1mni7n8qmekec4q8,anon+bb303ab0b155@example.invalid,2025-08-20 21:59:46.045865+02,es,ES,True,4.32,False
1o1mni7n8qmekee1q0,anon+bb303ab0b155@example.invalid,2025-08-20 22:01:42.283836+02,es,ES,True,4.32,False
1o1mni7n8qmekf9k6x,,2025-08-20 22:25:27.60389+02,en,AT,False,0.0,False
1o1mni7n8qmekfaaj1,anon+9d4365deb91b@example.invalid,2025-08-20 22:34:04.788376+02,en,GB,True,,False
1o1mni7n8qmekfivqf,anon+a6ce255702df@example.invalid,2025-08-21 11:46:41.913247+02,es,ES,True,,False
1o1mni7n8qmekfwk1w,anon+6732652f703a@example.invalid,2025-08-23 22:28:35.492415+02,es,ES,True,14.3,True
1o1mni7n8qmekgesml,anon+616b54977217@example.invalid,2025-08-20 23:14:10.745705+02,en,GB,True,14.8,False
1o1mni7n8qmekihx93,,2025-08-21 00:01:11.263038+02,es,ES,False,28.3,False
1o1mni7n8qmekirxhv,,2025-08-21 00:11:11.960933+02,en,GB,False,22.45,False
1o1mni7n8qmekjibx0,,2025-08-21 00:28:30.119985+02,es,ES,False,17.8,False
1o1mni7n8qmekk82yd,,2025-08-21 00:44:57.066561+02,en,GB,False,20.65,False
1o1mni7n8qmekuvbrp,,2025-08-21 05:43:58.303974+02,fr,FR,False,,False
1o1mni7n8qmekv3ek7,,2025-08-21 05:49:08.361464+02,es,SE,False,,False
1o1mni7n8qmekw5qap,anon+e74258812c9b@example.invalid,2025-08-21 06:22:40.79721+02,it,IT,True,11.8,True
1o1mni7n8qmekw7012,,2025-08-21 06:31:48.761803+02,fr,FR,False,11.9,False
1o1mni7n8qmeky8yqj,,2025-08-21 07:17:50.080918+02,sv,SE,False,137.9,False
1o1mni7n8qmekyluz9,,2025-08-23 15:53:07.675983+02,fr,FR,False,17.4,False
1o1mni7n8qmekz7zle,,2025-08-21 07:55:58.314276+02,en,GB,False,21.4,False
1o1mni7n8qmekzvvjo,,2025-08-21 08:04:00.773571+02,en,GB,False,33.45,False
1o1mni7n8qmel0b5au,,2025-08-21 08:22:06.391541+02,fr,FR,False,22.3,False
1o1mni7n8qmel0cmdm,anon+992b3dbef39c@example.invalid,2025-08-21 08:15:55.075636+02,fr,FR,True,16.02,True
1o1mni7n8qmel0g8lj,anon+9d539c1c792d@example.invalid,2025-08-21 08:30:09.718894+02,es,ES,True,17.8,True
1o1mni7n8qmel15941,,2025-08-21 08:46:37.726572+02,en,GB,False,28.4,False
1o1mni7n8qmel1ilyx,anon+6732652f703a@example.invalid,2025-08-21 08:52:16.550355+02,es,ES,True,,False
1o1mni7n8qmel288lh,anon+18b6a1192075@example.invalid,2025-08-21 09:13:10.73563+02,fr,BE,True,,False
1o1mni7n8qmel3g6uh,,2025-08-21 09:50:54.049848+02,en,GB,False,36.1,False
1o1mni7n8qmel3rjn9,,2025-08-21 09:51:17.260523+02,en,GB,False,0.0,False
1o1mni7n8qmel48ciz,,2025-08-21 10:11:05.611443+02,sv,SE,False,148.0,False
1o1mni7n8qmel4eh00,,2025-08-21 10:09:20.722815+02,en,GB,False,0.0,False
1o1mni7n8qmel4kuhj,,2025-08-21 10:14:04.128081+02,es,ES,False,0.0,False
1o1mni7n8qmel5bq1w,,2025-08-29 09:37:55.948059+02,fr,FR,False,41.25,False
1o1mni7n8qmel5vj5m,,2025-08-21 11:33:04.010155+02,fr,FR,False,17.2,False
1o1mni7n8qmel6hu2m,,2025-08-21 11:07:44.106136+02,de,DE,False,22.3,False
1o1mni7n8qmel6xczf,anon+9228f4f5ac10@example.invalid,2025-08-21 11:38:36.372883+02,de,DE,True,32.8,True
1o1mni7n8qmel7e9hc,,2025-08-21 11:39:41.640137+02,fr,FR,False,17.2,False
1o1mni7n8qmel7eoew,anon+9260d969872d@example.invalid,2025-08-21 11:36:00.888641+02,it,IT,True,0.0,True
1o1mni7n8qmel7nefx,,2025-08-21 11:44:04.846394+02,en,GB,False,20.4,False
1o1mni7n8qmel7yfcd,,2025-08-21 16:35:37.463946+02,en,GB,False,0.0,False
1o1mni7n8qmel86x2j,anon+710be66d97eb@example.invalid,2025-08-21 12:05:54.904575+02,it,IT,True,22.3,True
1o1mni7n8qmel8f4ws,,2025-08-21 12:05:25.295309+02,en,GB,False,14.8,False
1o1mni7n8qmel8psfs,,2025-08-21 12:13:07.164192+02,es,ES,False,10.8,False
1o1mni7n8qmel905u7,,2025-08-22 13:07:45.161679+02,de,GB,False,14.4,True
1o1mni7n8qmel995uc,anon+2d9d5fd573fb@example.invalid,2025-08-21 17:29:36.38058+02,en,GB,True,,True
1o1mni7n8qmel9ljqn,,2025-08-21 12:45:15.379819+02,de,DE,False,0.0,False
1o1mni7n8qmela9vmx,anon+bc96f53135af@example.invalid,2025-08-21 13:04:29.251524+02,fr,FR,True,11.8,True
1o1mni7n8qmela9xvq,anon+1b9284f27eec@example.invalid,2025-08-21 12:53:33.704839+02,it,IT,True,0.0,False
1o1mni7n8qmelaab1t,anon+1b9284f27eec@example.invalid,2025-08-21 12:54:03.77211+02,it,IT,True,0.0,False
1o1mni7n8qmelb4yr5,,2025-08-21 13:37:42.657821+02,es,ES,False,,False
1o1mni7n8qmelbepw9,anon+4b0fd864706a@example.invalid,2025-08-21 13:29:09.584072+02,es,ES,True,,False
1o1mni7n8qmelbj0wh,,2025-08-21 13:28:36.077958+02,en,GB,False,,False
1o1mni7n8qmelblilt,,2025-08-21 13:32:58.847162+02,de,GB,False,23.91,False
1o1mni7n8qmelbtm53,anon+36ad72e841b3@example.invalid,2025-08-21 13:38:08.158868+02,it,IT,True,0.0,False
1o1mni7n8qmelbxuys,,2025-08-21 13:47:19.810342+02,en,GB,False,12.5,False
1o1mni7n8qmelbxx39,anon+58016f48c53e@example.invalid,2025-08-21 13:45:26.867855+02,es,ES,True,,False
1o1mni7n8qmelbyvy8,anon+ef9b54799ad2@example.invalid,2025-08-21 13:50:25.448466+02,en,US,True,,True
1o1mni7n8qmelct3jp,anon+23cfd4d0ecb3@example.invalid,2025-08-21 14:21:06.792292+02,en,GB,True,0.0,True
1o1mni7n8qmeldcii7,anon+40a79cedfe0c@example.invalid,2025-08-21 14:24:45.736034+02,es,ES,True,45.1,True
1o1mni7n8qmeldsabt,anon+19e3b9fdc035@example.invalid,2025-08-21 14:48:33.007289+02,de,DE,True,25.8,True
1o1mni7n8qmelecct6,,2025-08-22 19:01:01.439729+02,es,ES,False,21.3,False
1o1mni7n8qmeleiw4t,,2025-08-21 14:55:34.002074+02,de,DE,False,11.8,False
1o1mni7n8qmelejqlo,anon+4b0fd864706a@example.invalid,2025-08-21 23:34:08.879068+02,es,ES,True,21.3,False
1o1mni7n8qmelf2mf3,anon+0fd360dd586c@example.invalid,2025-08-21 15:14:15.464848+02,en,GB,True,17.9,False
1o1mni7n8qmelf9yek,anon+dcce974919b0@example.invalid,2025-08-21 15:23:43.953968+02,fr,FR,True,29.3,True
1o1mni7n8qmelfaclo,,2025-08-24 00:41:00.501271+02,fr,FR,False,18.7,False
1o1mni7n8qmelfjpet,anon+618f53f86d70@example.invalid,2025-08-21 15:32:28.685+02,de,DE,True,18.8,False
1o1mni7n8qmelg0jee,anon+dd429dd6e900@example.invalid,2025-08-21 15:52:33.329484+02,it,IT,True,25.8,True
1o1mni7n8qmelg8vgi,anon+d0570eb96b83@example.invalid,2025-08-21 15:42:18.904791+02,en,ES,True,17.8,True
1o1mni7n8qmelha3uc,anon+794c8174efe5@example.invalid,2025-08-21 16:12:01.921755+02,es,ES,True,17.7,False
1o1mni7n8qmelhn8ii,,2025-08-21 16:26:41.872915+02,en,GB,False,24.9,False
1o1mni7n8qmelhsin1,anon+23e2d6e478bf@example.invalid,2025-09-01 11:26:50.271971+02,es,ES,True,0.0,True
1o1mni7n8qmelhwbkf,,2025-08-21 16:30:52.346694+02,es,ES,False,17.7,False
1o1mni7n8qmelj3sv8,,2025-08-21 17:00:43.847346+02,en,US,False,0.0,False
1o1mni7n8qmelj4w0m,,2025-08-21 17:02:45.842483+02,en,GB,False,10.9,False
1o1mni7n8qmeljmcrm,,2025-08-21 20:16:58.418424+02,es,ES,False,,False
1o1mni7n8qmeljriox,,2025-08-21 17:24:24.963618+02,fr,FR,False,25.7,False
1o1mni7n8qmelkgyge,anon+f6069efd335d@example.invalid,2025-08-21 18:00:05.058626+02,fr,FR,True,,False
1o1mni7n8qmelkh38j,,2025-08-21 17:39:06.279565+02,en,GB,False,,False
1o1mni7n8qmelkhc2y,anon+a6ce255702df@example.invalid,2025-08-21 17:42:58.897041+02,es,ES,True,24.8,True
1o1mni7n8qmelkkw9l,,2025-08-21 17:54:50.073559+02,fr,FR,False,18.8,False
1o1mni7n8qmelky3z7,,2025-08-21 17:52:22.472277+02,es,ES,False,,False
1o1mni7n8qmelleq6s,anon+1ffc5fdef172@example.invalid,2025-08-22 00:22:31.95836+02,es,ES,True,35.34,False
1o1mni7n8qmellrugk,anon+4640cb2250a2@example.invalid,2025-08-21 19:48:33.298091+02,es,ES,True,23.42,True
1o1mni7n8qmelmln3h,,2025-08-21 18:41:47.945206+02,en,GB,False,10.9,False
1o1mni7n8qmelmomy6,,2025-08-21 18:40:58.753893+02,en,GB,False,0.0,False
1o1mni7n8qmeln7ys9,,2025-08-21 19:03:54.108918+02,en,GB,False,,False
1o1mni7n8qmelnfwqr,,2025-08-21 19:03:03.719426+02,es,ES,False,37.35,False
1o1mni7n8qmelnot1x,,2025-08-21 19:19:45.129171+02,es,ES,False,21.3,False
1o1mni7n8qmeloraqy,,2025-08-21 19:41:24.289363+02,es,ES,False,13.65,False
1o1mni7n8qmelowsv0,,2025-08-21 19:47:10.823894+02,es,ES,True,12.22,False
1o1mni7n8qmelpc5l5,anon+4640cb2250a2@example.invalid,2025-08-22 12:14:02.494482+02,es,ES,True,28.3,False
1o1mni7n8qmelph9np,,2025-08-21 20:01:38.85412+02,en,GB,True,,True
1o1mni7n8qmelpxofr,anon+9f4601e13776@example.invalid,2025-08-21 20:18:16.329724+02,es,ES,True,,False
1o1mni7n8qmelqcdy6,,2025-08-21 20:24:33.113892+02,es,ES,False,,False
1o1mni7n8qmelqcgb0,anon+16932826b883@example.invalid,2025-08-21 20:31:04.646935+02,it,IT,True,15.3,True
1o1mni7n8qmelqnsnt,anon+009f7e9cfe53@example.invalid,2025-08-22 21:36:45.168986+02,en,GB,True,15.3,True
1o1mni7n8qmelqu03o,anon+566714660998@example.invalid,2025-08-21 20:41:27.405023+02,es,ES,True,25.7,True
1o1mni7n8qmelqzxx5,anon+176a74604885@example.invalid,2025-08-21 20:45:31.616572+02,en,GB,True,12.5,True
1o1mni7n8qmelr24a2,,2025-08-21 20:43:24.251616+02,es,ES,False,17.8,False
1o1mni7n8qmelrd3aa,,2025-08-22 14:35:32.258078+02,en,GB,True,,True
1o1mni7n8qmelrfbgr,,2025-08-21 20:59:33.922943+02,en,GB,False,12.82,False
1o1mni7n8qmelrj25q,,2025-08-21 20:57:15.959482+02,en,AT,False,15.54,False
1o1mni7n8qmelrnw7a,,2025-08-21 21:54:51.630157+02,de,DE,False,14.8,False
1o1mni7n8qmelrofwe,,2025-08-21 21:01:38.001459+02,es,ES,False,0.0,False
1o1mni7n8qmelrv1cb,,2025-08-21 21:07:39.030335+02,en,GB,True,34.9,False
1o1mni7n8qmelrwdcw,,2025-08-21 21:07:22.89031+02,en,GB,False,14.9,False
1o1mni7n8qmelrwkm9,anon+7f1f763bb4f0@example.invalid,2025-08-21 21:21:36.401729+02,es,ES,True,21.3,True
1o1mni7n8qmels4h03,,2025-08-21 21:13:24.715164+02,es,ES,False,13.85,False
1o1mni7n8qmels65v7,,2025-08-21 21:59:27.13246+02,it,IT,False,22.3,False
1o1mni7n8qmelsapy7,anon+6eacaa213f98@example.invalid,2025-08-21 21:22:30.750381+02,de,DE,True,11.9,True
1o1mni7n8qmelsmncx,anon+4d58b5842bf0@example.invalid,2025-08-21 21:37:38.975847+02,fr,CH,True,25.8,True
1o1mni7n8qmelt3gz5,anon+b3461c122f7e@example.invalid,2025-08-21 21:48:22.273309+02,es,ES,True,0.0,True
1o1mni7n8qmelt9xf6,,2025-08-21 21:51:52.159771+02,es,ES,False,21.3,False
1o1mni7n8qmeltcv3t,,2025-08-21 21:52:05.734647+02,es,ES,False,19.95,False
1o1mni7n8qmelts2vy,,2025-08-21 22:11:52.499357+02,es,ES,False,41.8,False
1o1mni7n8qmeltyfrf,,2025-08-21 22:05:40.792721+02,en,PT,False,11.8,False
1o1mni7n8qmelu1kac,,2025-08-21 22:06:59.153803+02,es,ES,False,,False
1o1mni7n8qmelu871t,,2025-08-21 22:17:29.897732+02,en,GB,False,14.4,False
1o1mni7n8qmeluaylc,,2025-08-21 22:18:57.648575+02,es,ES,False,38.7,False
1o1mni7n8qmelucdpa,,2025-08-21 22:19:16.379126+02,es,ES,False,,False
1o1mni7n8qmeludfr4,anon+e4a87ede7ef2@example.invalid,2025-08-21 22:24:40.661841+02,es,ES,True,,True
1o1mni7n8qmelv0nyf,anon+13cab48c21db@example.invalid,2025-08-27 00:44:00.687454+02,es,ES,True,21.75,True
1o1mni7n8qmelv3xmr,anon+74510fd5e460@example.invalid,2025-08-21 22:38:47.13227+02,es,ES,True,31.8,False
1o1mni7n8qmelvbipc,anon+775be708f841@example.invalid,2025-08-21 23:28:10.946891+02,fr,FR,True,29.3,False
1o1mni7n8qmelvx7k6,,2025-08-21 23:01:13.381095+02,en,GB,False,,False
1o1mni7n8qmelw9e7q,,2025-08-25 22:01:10.964239+02,en,GB,False,,False
1o1mni7n8qmelwandr,anon+93131688be2d@example.invalid,2025-08-21 23:20:01.702978+02,en,GB,True,,False
1o1mni7n8qmelwqnzv,anon+c36f8e951900@example.invalid,2025-08-21 23:24:10.932602+02,es,ES,True,31.74,True
1o1mni7n8qmely46ha,,2025-08-22 00:12:38.089513+02,fr,FR,False,39.7,False
1o1mni7n8qmelyf1em,anon+a1f9c0d55788@example.invalid,2025-08-22 00:15:38.348216+02,en,GB,True,,False
1o1mni7n8qmelykf5f,,2025-08-22 08:27:05.215863+02,es,ES,False,43.7,False
1o1mni7n8qmelyly28,,2025-08-22 00:14:45.865051+02,fr,FR,False,,False
1o1mni7n8qmelypj24,anon+8bed6f9b4194@example.invalid,2025-08-22 00:20:58.009893+02,es,ES,True,24.8,False
1o1mni7n8qmelz6tev,,2025-08-22 00:43:23.757949+02,es,ES,False,,False
1o1mni7n8qmelz8whp,,2025-08-22 00:35:47.773724+02,es,ES,False,10.8,False
1o1mni7n8qmelzbjvf,,2025-08-22 00:35:06.202061+02,es,ES,False,0.0,False
1o1mni7n8qmelzfdkx,anon+8a11704c18d5@example.invalid,2025-08-22 00:47:32.179564+02,es,ES,True,20.62,False
1o1mni7n8qmem06t1q,,2025-08-22 01:00:47.372735+02,es,ES,False,,False
1o1mni7n8qmem3d453,anon+bd1f294b8324@example.invalid,2025-08-22 02:38:42.768743+02,en,US,True,18.8,False
1o1mni7n8qmem55l1o,anon+8c4eb0bc6b7b@example.invalid,2025-08-22 03:29:18.463649+02,es,ES,True,,False
1o1mni7n8qmema7w3v,anon+b3c392800c28@example.invalid,2025-08-22 05:46:29.013584+02,es,ES,True,-9.64,True
1o1mni7n8qmemad7zw,,2025-08-22 05:53:01.338726+02,es,ES,False,24.8,False
1o1mni7n8qmemd3o9l,,2025-08-22 07:00:25.461329+02,it,IT,False,0.0,False
1o1mni7n8qmemebipd,anon+b9a54ad3b8ea@example.invalid,2025-08-22 08:23:04.020098+02,es,CH,True,36.3,True
1o1mni7n8qmemen7jo,,2025-08-22 07:43:44.167201+02,es,ES,False,13.4,False
1o1mni7n8qmemerske,,2025-08-22 07:47:12.800538+02,en,GB,False,0.0,False
1o1mni7n8qmemf3hjv,anon+7f38693fd6f3@example.invalid,2025-08-22 08:16:54.773908+02,fr,FR,True,0.0,False
1o1mni7n8qmemfbyk5,,2025-08-22 08:10:00.749512+02,en,GB,False,14.8,False
1o1mni7n8qmemflg5x,anon+2fb11439cb6e@example.invalid,2025-08-22 08:10:13.891117+02,fr,FR,True,32.8,False
1o1mni7n8qmemfoxzq,,2025-08-22 08:20:02.19723+02,es,ES,False,0.0,False
1o1mni7n8qmemfvsuu,anon+d0643ba3e20a@example.invalid,2025-08-22 08:30:58.509557+02,fr,FR,True,52.2,False
1o1mni7n8qmemgdufv,,2025-08-22 08:36:27.201075+02,de,DE,False,14.8,False
1o1mni7n8qmemgzkqo,,2025-08-22 08:51:26.65118+02,es,ES,False,15.9,False
1o1mni7n8qmemgzx6q,,2025-08-24 22:02:52.520241+02,en,GB,False,28.4,False
1o1mni7n8qmemh999s,,2025-08-22 09:09:35.619145+02,es,ES,False,21.3,False
1o1mni7n8qmemif3t2,anon+2278d5e74118@example.invalid,2025-08-22 15:02:46.190311+02,en,GB,True,28.4,True
1o1mni7n8qmemindmb,,2025-08-26 16:46:48.697321+02,es,FR,False,43.2,False
1o1mni7n8qmemj2w81,anon+618f53f86d70@example.invalid,2025-08-22 10:00:06.7162+02,de,DE,True,20.7,False
1o1mni7n8qmemjdh1f,,2025-08-22 09:58:56.741455+02,fr,FR,False,32.7,False
1o1mni7n8qmemjgrro,,2025-08-22 10:00:31.535522+02,fr,FR,False,17.8,False
1o1mni7n8qmemjjkzm,anon+fe26b976b16c@example.invalid,2025-08-22 10:03:45.496439+02,es,ES,True,0.0,True
1o1mni7n8qmemjv9ph,anon+0c6dca4a02d7@example.invalid,2025-08-22 10:11:28.216108+02,fr,FR,True,52.75,True
1o1mni7n8qmemk2g97,,2025-08-22 10:16:27.012343+02,es,ES,False,17.8,False
1o1mni7n8qmemlahsf,,2025-08-22 10:56:12.678106+02,en,GB,False,,False
1o1mni7n8qmemlex1s,anon+95e3258c02db@example.invalid,2025-08-22 11:07:05.273534+02,en,GB,True,,False
1o1mni7n8qmemlf9ma,,2025-08-22 10:58:48.041967+02,it,IT,False,14.4,False
1o1mni7n8qmemlut3q,anon+5d647d3d3a54@example.invalid,2025-08-22 11:13:23.87147+02,es,ES,True,21.3,True
1o1mni7n8qmemlxr8j,anon+95e3258c02db@example.invalid,2025-08-24 11:09:48.304642+02,en,ES,True,49.0,True
1o1mni7n8qmemmbqic,anon+e88fb204673f@example.invalid,2025-08-22 12:18:29.188149+02,fr,FR,True,18.8,False
1o1mni7n8qmemmbv3u,,2025-08-22 11:22:21.977215+02,fr,FR,False,,False
1o1mni7n8qmemmj14g,anon+bd1f294b8324@example.invalid,2025-08-22 11:24:44.924146+02,en,US,True,18.8,False
1o1mni7n8qmemmsnfd,anon+02bed9baa915@example.invalid,2025-08-22 11:41:16.892727+02,es,ES,True,0.0,False
1o1mni7n8qmemn6cv6,anon+a1f9c0d55788@example.invalid,2025-08-22 11:56:05.954423+02,en,GB,True,,False
1o1mni7n8qmemofgq3,anon+de2a5eda9f62@example.invalid,2025-08-22 12:22:10.706544+02,es,ES,True,41.35,False
1o1mni7n8qmemp9xhz,,2025-08-22 12:41:51.70384+02,es,ES,False,13.85,False
1o1mni7n8qmemqkrqx,,2025-08-22 13:21:59.009789+02,es,ES,False,17.8,False
1o1mni7n8qmemqqjix,,2025-08-22 13:27:32.910714+02,es,ES,True,0.0,True
1o1mni7n8qmemqyi3h,anon+60792c603c8f@example.invalid,2025-08-22 13:52:37.447426+02,es,ES,True,62.8,False
1o1mni7n8qmemr0dfv,anon+22bcaab19120@example.invalid,2025-08-22 13:38:15.08344+02,fr,FR,True,22.3,True
1o1mni7n8qmemr16xm,,2025-08-22 13:36:59.682065+02,fr,FR,False,37.65,False
1o1mni7n8qmemr359v,,2025-08-22 13:32:45.237973+02,es,ES,False,28.3,False
1o1mni7n8qmemr74rc,anon+8c4d5571f6fe@example.invalid,2025-08-22 13:43:05.622676+02,de,DE,True,20.7,True
1o1mni7n8qmemr7875,anon+8b4aff40504a@example.invalid,2025-08-22 14:02:41.558025+02,es,ES,True,24.8,True
1o1mni7n8qmemracqi,anon+bf419e68698f@example.invalid,2025-08-22 13:55:05.981676+02,de,DE,True,,False
1o1mni7n8qmems90jx,anon+34a83587d5dc@example.invalid,2025-08-22 14:14:46.633951+02,fr,FR,True,25.8,True
1o1mni7n8qmemsbnv2,,2025-08-22 14:10:55.654609+02,it,IT,False,14.8,False
1o1mni7n8qmemsnb7o,anon+02931ce2ed38@example.invalid,2025-08-22 14:24:57.342299+02,fr,FR,True,,False
1o1mni7n8qmemsvpjk,,2025-08-22 14:22:45.932165+02,sv,SE,True,0.0,True
1o1mni7n8qmemtd2wz,anon+68e9fca5d17e@example.invalid,2025-08-22 14:48:36.105156+02,es,ES,True,24.8,True
1o1mni7n8qmemtnebc,,2025-08-22 14:46:03.060989+02,de,DE,False,14.4,False
1o1mni7n8qmemtv94e,,2025-08-22 14:49:55.042232+02,es,ES,False,23.42,False
1o1mni7n8qmemtwqjh,,2025-08-22 17:53:15.636242+02,fr,FR,False,25.8,False
1o1mni7n8qmemv2yck,,2025-08-22 15:31:47.533998+02,it,IT,False,18.8,False
1o1mni7n8qmemv334q,anon+1053a2e7b322@example.invalid,2025-08-22 15:32:16.412182+02,en,US,True,39.7,True
1o1mni7n8qmemv4p92,,2025-08-22 15:29:12.940796+02,es,ES,False,,False
1o1mni7n8qmemvg0oc,anon+a26b2d0f573d@example.invalid,2025-08-22 16:06:42.8113+02,es,ES,True,71.4,False
1o1mni7n8qmemvhzl7,,2025-08-22 15:37:25.087356+02,en,FR,False,22.8,False
1o1mni7n8qmemvmx10,anon+9cc72e6d77d4@example.invalid,2025-08-22 15:45:34.710558+02,en,GB,True,14.4,False
1o1mni7n8qmemvnucj,anon+d247dd05d476@example.invalid,2025-08-22 15:48:45.609464+02,fr,FR,True,25.8,False
1o1mni7n8qmemvogvl,,2025-08-22 15:41:17.013277+02,es,ES,False,,False
1o1mni7n8qmemvq9o6,,2025-08-22 15:42:11.542711+02,fr,FR,True,,True
1o1mni7n8qmemvve31,anon+eef01572aa80@example.invalid,2025-08-22 16:02:41.04263+02,de,DE,True,22.3,True
1o1mni7n8qmemvvivr,anon+e3daaaf8679b@example.invalid,2025-08-22 15:52:06.500175+02,it,IT,True,21.54,True
1o1mni7n8qmemw8vfp,anon+dcf7d06348c0@example.invalid,2025-08-22 16:07:22.076841+02,es,ES,True,,False
1o1mni7n8qmemwa8ce,,2025-08-22 15:58:10.075552+02,de,DE,False,14.85,False
1o1mni7n8qmemwkwol,,2025-08-22 16:10:30.027698+02,es,ES,False,17.8,False
1o1mni7n8qmemx72ss,,2025-08-22 16:24:50.710837+02,de,DE,False,34.2,False
1o1mni7n8qmemxo29x,anon+47cd480cb80e@example.invalid,2025-08-22 16:47:17.618865+02,sv,SE,True,188.0,False
1o1mni7n8qmemxudlo,,2025-08-22 16:41:46.425514+02,en,GB,False,,False
1o1mni7n8qmemy6nup,anon+f213b8268df2@example.invalid,2025-08-24 11:12:52.543287+02,es,ES,True,,False
1o1mni7n8qmemykgsy,anon+c3d81eb60f63@example.invalid,2025-08-22 17:16:16.203952+02,es,ES,True,31.8,True
1o1mni7n8qmemz6x2m,anon+cb635521efb1@example.invalid,2025-08-22 17:24:16.641878+02,fr,FR,True,,False
1o1mni7n8qmemzbj8h,,2025-08-25 08:22:11.09796+02,it,IT,False,15.3,False
1o1mni7n8qmemzdlfu,anon+96efa2b3db4a@example.invalid,2025-08-22 17:37:33.929147+02,fr,FR,True,18.8,True
1o1mni7n8qmemzg6ri,anon+bf5822fefae2@example.invalid,2025-08-22 17:43:57.566787+02,en,GB,True,64.9,True
1o1mni7n8qmen03glg,anon+fba47f552210@example.invalid,2025-08-22 17:50:56.725238+02,es,ES,True,21.3,False
1o1mni7n8qmen03zc7,,2025-08-22 19:36:03.772957+02,es,ES,False,,False
1o1mni7n8qmen0l2i4,,2025-08-22 17:58:23.283261+02,fr,FR,False,11.9,False
1o1mni7n8qmen13ocr,,2025-08-22 18:16:23.045732+02,es,ES,False,29.7,False
1o1mni7n8qmen188yb,anon+a85923a4bcef@example.invalid,2025-08-22 18:34:55.067195+02,es,ES,True,24.8,True
1o1mni7n8qmen1b5y0,anon+9342e67169df@example.invalid,2025-08-22 22:43:14.370546+02,es,ES,True,21.3,True
1o1mni7n8qmen1g4mv,,2025-08-22 18:48:52.481969+02,es,ES,False,24.8,False
1o1mni7n8qmen2nnbh,anon+88d80c259217@example.invalid,2025-08-22 19:05:21.317824+02,es,ES,True,24.6,True
1o1mni7n8qmen2ux89,,2025-08-22 19:01:28.148493+02,en,RU,False,0.0,False
1o1mni7n8qmen2v9cy,anon+80c106d5bce7@example.invalid,2025-08-22 19:12:20.220116+02,es,ES,True,24.8,False
1o1mni7n8qmen34uqs,,2025-08-22 19:09:15.587125+02,es,ES,False,,False
1o1mni7n8qmen3br32,,2025-08-22 19:25:46.214621+02,es,ES,False,35.3,False
1o1mni7n8qmen3n4be,,2025-08-22 19:30:52.598201+02,es,ES,False,28.3,False
1o1mni7n8qmen60pln,,2025-08-22 20:38:01.982686+02,it,IT,True,26.64,False
1o1mni7n8qmen6e41e,,2025-08-22 20:41:23.163503+02,en,GB,False,0.0,True
1o1mni7n8qmen7g5mg,anon+76f90c2165d6@example.invalid,2025-08-22 21:11:17.399573+02,it,IT,True,14.8,True
1o1mni7n8qmen804dh,,2025-08-22 21:33:12.448444+02,fr,FR,False,22.3,False
1o1mni7n8qmen8uueo,,2025-08-22 21:50:46.677579+02,en,GB,False,,False
1o1mni7n8qmen97tgt,anon+b1857ec94c7b@example.invalid,2025-08-22 22:13:59.191802+02,it,IT,True,,True
1o1mni7n8qmen9jp37,anon+f52f3f442496@example.invalid,2025-08-22 22:17:04.50403+02,en,US,True,,True
1o1mni7n8qmenb7xx3,,2025-08-22 23:06:08.940302+02,es,ES,False,21.3,False
1o1mni7n8qmenbmki8,anon+a0e98b7a237a@example.invalid,2025-08-22 23:14:05.799966+02,fr,FR,True,,False
1o1mni7n8qmenc3pe2,anon+8f5257ba02f9@example.invalid,2025-08-22 23:38:03.271164+02,es,ES,True,16.41,True
1o1mni7n8qmenc8w7r,,2025-08-22 23:27:08.502987+02,fr,FR,False,0.0,False
1o1mni7n8qmenf7qne,,2025-08-23 00:58:03.46513+02,es,ES,False,10.8,False
1o1mni7n8qmeng9qht,,2025-08-23 01:20:55.331891+02,es,ES,False,24.8,False
1o1mni7n8qmeni0d77,,2025-08-23 02:05:36.21428+02,en,GB,False,,False
1o1mni7n8qmenie909,anon+bd1f294b8324@example.invalid,2025-08-23 02:17:42.445788+02,en,US,True,18.8,False
1o1mni7n8qmenihbhz,anon+bd1f294b8324@example.invalid,2025-08-23 02:18:53.119957+02,en,US,True,18.8,False
1o1mni7n8qmenjbpzt,anon+db0ffbbf8905@example.invalid,2025-08-23 02:52:25.689211+02,de,DE,True,0.0,True
1o1mni7n8qmenreleq,anon+5cbfdfdc879f@example.invalid,2025-08-23 06:47:26.287264+02,en,GB,True,,False
1o1mni7n8qmensnq8l,anon+c539f7ed3272@example.invalid,2025-08-23 07:27:05.136072+02,fr,FR,True,25.8,False
1o1mni7n8qmensx0zy,,2025-08-23 07:15:15.779415+02,es,ES,False,22.14,False
1o1mni7n8qmenu8ql3,,2025-08-23 07:50:30.414621+02,de,DE,False,81.4,False
1o1mni7n8qmenuyq7d,,2025-08-23 08:21:31.942335+02,de,DE,False,25.8,False
1o1mni7n8qmenvqmoj,anon+6c32e052f37c@example.invalid,2025-08-23 08:31:08.859328+02,de,DE,True,11.9,False
1o1mni7n8qmenw3ogb,anon+ac43c4d261a3@example.invalid,2025-08-23 08:42:06.698734+02,es,ES,True,0.0,True
1o1mni7n8qmenwaeux,,2025-08-23 08:53:28.403888+02,fr,FR,True,,True
1o1mni7n8qmenxh353,anon+9b23ebf85539@example.invalid,2025-08-23 09:30:49.166753+02,en,GB,True,55.4,False
1o1mni7n8qmeny2pkr,anon+3805d2f7dfe3@example.invalid,2025-08-25 16:26:35.67878+02,es,ES,True,24.8,True
1o1mni7n8qmeny2slt,anon+ae2cba997d20@example.invalid,2025-08-23 09:38:37.405056+02,es,ES,True,,False
1o1mni7n8qmenzeqau,anon+42bfc0025981@example.invalid,2025-08-23 10:22:40.767235+02,es,ES,True,14.3,False
1o1mni7n8qmenzh9zu,anon+03c1f2d528be@example.invalid,2025-08-23 11:15:45.176394+02,it,IT,True,15.3,True
1o1mni7n8qmenzyj4t,anon+8c4af499e091@example.invalid,2025-08-23 10:30:51.631662+02,es,ES,True,24.8,False
1o1mni7n8qmeo03azd,,2025-08-23 10:41:05.738436+02,es,ES,False,21.3,False
1o1mni7n8qmeo0cjdy,anon+0d8be9937628@example.invalid,2025-08-23 10:55:48.22259+02,es,ES,True,,False
1o1mni7n8qmeo0mdho,,2025-08-23 10:46:35.459435+02,fr,FR,False,0.0,False
1o1mni7n8qmeo1k1l5,,2025-08-23 11:14:10.927687+02,it,IT,False,16.9,False
1o1mni7n8qmeo1ncrj,,2025-08-23 11:17:35.152157+02,de,DE,False,24.8,False
1o1mni7n8qmeo23o0m,anon+ecd54cf72c4e@example.invalid,2025-08-23 11:28:02.053423+02,de,DE,True,10.42,True
1o1mni7n8qmeo24g42,,2025-08-23 11:30:26.787212+02,es,ES,False,24.4,False
1o1mni7n8qmeo2mhpj,anon+0183268debd0@example.invalid,2025-08-23 11:46:15.819877+02,en,GB,True,,False
1o1mni7n8qmeo2wsrg,,2025-08-23 11:50:41.652882+02,de,DE,False,0.0,False
1o1mni7n8qmeo3x8jd,anon+8b9c95bc2e23@example.invalid,2025-08-23 12:24:01.772175+02,es,ES,True,24.7,True
1o1mni7n8qmeo3xfqn,,2025-08-23 12:23:03.608151+02,en,GB,False,14.4,False
1o1mni7n8qmeo44e4k,,2025-08-23 14:41:38.65402+02,es,ES,False,0.0,False
1o1mni7n8qmeo4l8n4,,2025-08-23 12:50:52.28068+02,es,ES,False,12.22,False
1o1mni7n8qmeo4rmcu,,2025-08-23 12:42:39.464065+02,fr,FR,False,,False
1o1mni7n8qmeo4z7wx,,2025-08-23 13:53:59.757948+02,fr,FR,False,,True
1o1mni7n8qmeo5o98r,anon+bd34e5007723@example.invalid,2025-08-23 13:23:32.397723+02,es,ES,True,55.8,True
1o1mni7n8qmeo6413y,anon+4ff309c7696b@example.invalid,2025-08-23 13:22:20.415234+02,de,DE,True,,False
1o1mni7n8qmeo6giks,anon+98807e4682cb@example.invalid,2025-08-23 13:36:15.161596+02,fr,FR,True,18.8,True
1o1mni7n8qmeo6y05r,anon+d97a2a5b6560@example.invalid,2025-08-23 13:53:37.305846+02,fr,FR,True,17.2,False
1o1mni7n8qmeo736b5,,2025-08-23 13:50:11.814797+02,fr,FR,False,15.3,False
1o1mni7n8qmeo79h00,anon+1bfaec8c5cb2@example.invalid,2025-08-23 14:08:29.287334+02,fr,FR,True,39.7,True
1o1mni7n8qmeo79lic,anon+33d961f2209f@example.invalid,2025-08-23 14:05:06.304514+02,de,DE,True,,False
1o1mni7n8qmeo8z4vs,anon+626eadbc3126@example.invalid,2025-08-24 10:49:50.968765+02,it,IT,True,25.8,False
1o1mni7n8qmeo9dztn,anon+5b59a498202f@example.invalid,2025-08-23 15:00:11.78214+02,de,DE,True,11.8,True
1o1mni7n8qmeo9jycu,,2025-08-23 14:56:46.225753+02,fr,FR,False,,False
1o1mni7n8qmeo9qgj0,,2025-08-23 16:17:54.074192+02,es,ES,False,,False
1o1mni7n8qmeoakgpd,,2025-08-23 15:36:16.822499+02,es,ES,False,17.8,False
1o1mni7n8qmeobaqxi,anon+89ce75e55b98@example.invalid,2025-08-23 16:02:47.78213+02,es,ES,True,,False
1o1mni7n8qmeobjo86,,2025-08-23 15:55:53.228676+02,fr,FR,False,11.8,False
1o1mni7n8qmeoboez2,,2025-08-23 15:59:40.887471+02,fr,FR,False,0.0,False
1o1mni7n8qmeoclsw1,anon+81838e17de15@example.invalid,2025-08-23 16:43:22.606161+02,es,ES,True,21.3,False
1o1mni7n8qmeocveiq,,2025-08-23 16:34:55.238879+02,es,ES,False,21.3,False
1o1mni7n8qmeodg16f,anon+8b1225037621@example.invalid,2025-08-23 16:48:47.112716+02,de,DE,True,,False
1o1mni7n8qmeoe60yj,,2025-08-23 17:10:10.226793+02,es,ES,False,23.7,False
1o1mni7n8qmeoe8dkr,anon+318df47b0a20@example.invalid,2025-08-23 17:11:31.917838+02,fr,FR,True,,False
1o1mni7n8qmeoeiziz,,2025-08-23 17:19:36.945917+02,en,GB,False,10.9,False
1o1mni7n8qmeof4k65,,2025-08-23 17:35:14.269814+02,es,ES,False,10.8,False
1o1mni7n8qmeofovde,anon+d8856798ada3@example.invalid,2025-08-23 17:53:04.587379+02,fr,FR,True,11.8,False
1o1mni7n8qmeog556o,,2025-08-23 18:11:59.482378+02,fr,FR,False,25.8,False
1o1mni7n8qmeogbikh,anon+a13164916e4b@example.invalid,2025-08-23 18:12:26.12686+02,fr,FR,True,,False
1o1mni7n8qmeohl5u2,anon+77024423ce83@example.invalid,2025-08-23 18:47:26.521952+02,en,GB,True,28.4,False
1o1mni7n8qmeohta6i,anon+0676b62c2e2d@example.invalid,2025-08-23 18:57:57.236593+02,es,ES,True,,False
1o1mni7n8qmeoidcnq,,2025-08-23 19:10:06.282617+02,sv,SE,False,153.0,False
1o1mni7n8qmeoif2q8,,2025-08-23 19:51:11.974624+02,es,ES,False,31.8,False
1o1mni7n8qmeoiornb,anon+0d05df00b47b@example.invalid,2025-08-23 19:25:53.863763+02,fr,FR,True,,False
1o1mni7n8qmeojkwft,,2025-08-23 23:34:35.166254+02,es,ES,False,10.9,False
1o1mni7n8qmeok5g0j,,2025-08-23 19:55:45.504119+02,es,ES,False,47.5,False
1o1mni7n8qmeokirjc,anon+3e8467621069@example.invalid,2025-08-23 20:21:07.532498+02,en,GB,True,10.48,True
1o1mni7n8qmeokpp5q,,2025-08-23 20:15:27.088975+02,fr,FR,False,11.8,False
1o1mni7n8qmeoljds9,anon+d23f67a111e0@example.invalid,2025-08-23 20:40:45.946095+02,de,DE,True,25.8,True
1o1mni7n8qmeolt77e,anon+05ce19676388@example.invalid,2025-08-23 21:06:11.053988+02,es,ES,True,,False
1o1mni7n8qmeomc8pt,anon+51a9e16aa0e7@example.invalid,2025-08-23 20:55:29.043022+02,es,ES,True,17.8,False
1o1mni7n8qmeomt9m9,anon+8c4af499e091@example.invalid,2025-08-23 21:21:40.276999+02,es,ES,True,24.8,True
1o1mni7n8qmeomylbn,anon+ddddc4d477ad@example.invalid,2025-08-23 21:25:30.351248+02,en,GB,True,,False
1o1mni7n8qmeonaek6,anon+b60b78c6961c@example.invalid,2025-08-23 21:25:40.679054+02,it,IT,True,18.8,False
1o1mni7n8qmeoog7jw,anon+92474d4fa129@example.invalid,2025-08-23 21:58:13.674126+02,en,GB,True,,False
1o1mni7n8qmeopacve,,2025-08-23 22:23:54.543728+02,es,ES,False,,False
1o1mni7n8qmeopj1hc,,2025-08-23 22:24:01.778697+02,en,IE,False,14.4,False
1o1mni7n8qmeoqafi4,,2025-08-23 22:49:24.041923+02,es,ES,False,21.3,False
1o1mni7n8qmeorcy24,anon+9493ff4fa9ad@example.invalid,2025-08-23 23:23:05.246404+02,es,ES,True,,False
1o1mni7n8qmeorfird,,2025-08-23 23:27:01.698663+02,es,ES,False,10.8,False
1o1mni7n8qmeotewyi,,2025-08-24 00:56:51.847767+02,it,IT,False,25.8,False
1o1mni7n8qmeou3kwv,,2025-08-24 00:37:18.677203+02,es,ES,False,28.3,False
1o1mni7n8qmeoum1jx,,2025-08-24 00:48:34.849734+02,en,GB,False,22.9,False
1o1mni7n8qmeox0s6d,anon+74d05848f136@example.invalid,2025-08-24 02:06:40.895879+02,es,ES,True,24.8,True
1o1mni7n8qmeozti9j,,2025-08-24 03:11:55.047209+02,en,GB,False,,False
1o1mni7n8qmep1o21g,,2025-08-24 04:16:00.007355+02,fr,FR,False,31.2,False
1o1mni7n8qmep3g8gw,anon+a5c03a7eb785@example.invalid,2025-08-24 05:01:03.049693+02,fr,FR,True,25.8,True
1o1mni7n8qmep7kff7,anon+dbc4eeb01b13@example.invalid,2025-08-24 06:57:37.527944+02,es,ES,True,,False
1o1mni7n8qmep7oxzs,,2025-08-24 06:55:37.256956+02,de,DE,False,0.0,False
1o1mni7n8qmepagjgn,,2025-08-24 08:14:07.52582+02,es,ES,False,17.7,False
1o1mni7n8qmepbn8r2,,2025-08-24 08:44:05.297765+02,es,ES,False,24.2,False
1o1mni7n8qmepcyslu,,2025-08-24 09:20:29.582794+02,es,ES,False,13.85,False
1o1mni7n8qmepd4hw8,anon+23fbb2e4319c@example.invalid,2025-08-24 09:29:31.772696+02,fr,FR,True,22.3,True
1o1mni7n8qmepd5z7d,,2025-08-24 09:25:31.463668+02,es,ES,False,0.0,False
1o1mni7n8qmepe5tqg,,2025-08-24 09:56:18.045102+02,es,RO,False,0.0,False
1o1mni7n8qmepef726,,2025-08-24 10:31:03.793509+02,es,ES,False,24.8,False
1o1mni7n8qmepexmd6,,2025-08-24 10:15:02.410283+02,es,ES,False,,False
1o1mni7n8qmepf2veq,,2025-08-24 10:24:53.188538+02,it,IT,False,0.0,False
1o1mni7n8qmepf7yw4,,2025-08-24 10:24:38.838558+02,es,ES,False,0.0,False
1o1mni7n8qmepfivt8,,2025-08-24 10:32:33.606737+02,en,GB,False,10.9,False
1o1mni7n8qmepfmkko,,2025-08-24 10:35:58.699744+02,fr,FR,False,17.4,False
1o1mni7n8qmepfpc4k,,2025-08-24 10:39:02.715738+02,fr,FR,False,0.0,False
1o1mni7n8qmepgygdr,,2025-08-25 11:26:47.042768+02,de,DE,False,14.85,False
1o1mni7n8qmephgdnd,,2025-08-24 11:34:37.247415+02,es,ES,False,31.7,False
1o1mni7n8qmepi1k5d,,2025-08-24 11:42:03.663905+02,es,ES,False,0.0,False
1o1mni7n8qmepikuba,anon+d79b9f99a36e@example.invalid,2025-08-24 12:03:44.42297+02,fr,FR,True,13.22,True
1o1mni7n8qmepj7o0a,anon+15b2c2234740@example.invalid,2025-08-24 12:24:12.488023+02,en,GB,True,17.9,True
1o1mni7n8qmepjjga3,anon+8f09f0ca3826@example.invalid,2025-08-24 22:14:33.476499+02,es,ES,True,24.8,False
1o1mni7n8qmepjnaol,anon+81a2f06afa6c@example.invalid,2025-08-24 12:30:53.634431+02,en,GB,True,23.9,True
1o1mni7n8qmepjzm23,anon+a300b62c7d06@example.invalid,2025-08-26 17:31:34.581549+02,es,ES,True,24.8,True
1o1mni7n8qmepl48dx,,2025-08-24 13:13:56.124419+02,fr,FR,False,41.6,False
1o1mni7n8qmepldnms,anon+3b7c8e52cd29@example.invalid,2025-08-24 13:27:53.499575+02,de,DE,True,51.6,True
1o1mni7n8qmeplw7ih,anon+123d0569d705@example.invalid,2025-08-24 13:44:10.10329+02,en,AU,True,0.0,True
1o1mni7n8qmepm9noi,anon+e5de2e77cc55@example.invalid,2025-08-24 14:46:48.523654+02,es,ES,True,35.3,True
1o1mni7n8qmepncrrn,anon+02bed9baa915@example.invalid,2025-08-24 14:12:28.479199+02,es,ES,True,54.08,True
1o1mni7n8qmepnnpwx,,2025-08-24 14:19:32.810827+02,en,GB,False,48.4,False
1o1mni7n8qmepnxlv5,anon+672bf3cd891f@example.invalid,2025-08-24 14:33:19.437051+02,fr,FR,True,22.3,True
1o1mni7n8qmepoe3l7,anon+b7d3f4dcda07@example.invalid,2025-08-24 14:47:30.416026+02,en,GB,True,33.4,True
1o1mni7n8qmepogkx8,anon+02bed9baa915@example.invalid,2025-08-24 14:41:42.568596+02,es,ES,True,0.0,False
1o1mni7n8qmepp28w1,,2025-08-24 15:01:45.517667+02,en,GB,False,0.0,False
1o1mni7n8qmepp3yot,anon+18eb476ef021@example.invalid,2025-08-24 15:10:12.466603+02,es,ES,True,,False
1o1mni7n8qmeppfg0j,,2025-08-24 15:12:18.267677+02,es,ES,False,10.8,False
1o1mni7n8qmepq43j9,anon+18eb476ef021@example.invalid,2025-08-24 15:29:10.571002+02,es,ES,True,,False
1o1mni7n8qmepq8uc1,anon+e2e084a70444@example.invalid,2025-08-24 15:48:57.17166+02,es,ES,True,25.8,False
1o1mni7n8qmepqa5dj,anon+b23903070b13@example.invalid,2025-08-27 23:02:05.725817+02,es,ES,True,38.7,False
1o1mni7n8qmepqlc64,anon+78b8333fbea4@example.invalid,2025-08-24 15:49:00.505321+02,es,ES,True,17.82,True
1o1mni7n8qmepqnejg,anon+98009f668c6a@example.invalid,2025-08-24 15:59:53.05003+02,de,AT,True,,False
1o1mni7n8qmepr70qo,anon+871c1f153e21@example.invalid,2025-08-28 20:51:55.668385+02,en,GB,True,17.9,True
1o1mni7n8qmeprltu8,,2025-08-24 16:17:59.622815+02,it,IT,False,32.7,False
1o1mni7n8qmeprudf6,anon+1eabe85d58b4@example.invalid,2025-08-24 16:26:45.705309+02,es,ES,True,,False
1o1mni7n8qmeprx6iz,anon+707281ef57d6@example.invalid,2025-08-24 16:30:35.240218+02,en,GB,True,30.0,False
1o1mni7n8qmepspvxv,,2025-08-24 16:43:56.26137+02,de,DE,False,14.85,False
1o1mni7n8qmepta3y1,anon+c04bc5c9d3a6@example.invalid,2025-08-24 17:08:33.478505+02,en,GB,True,21.4,True
1o1mni7n8qmeptqk3i,anon+566664d18ed1@example.invalid,2025-08-24 17:12:49.093804+02,en,GB,True,34.56,True
1o1mni7n8qmepu3oo8,,2025-08-24 17:19:38.56483+02,en,GB,False,0.0,False
1o1mni7n8qmepu71d9,anon+b5fe62dfe4a9@example.invalid,2025-08-24 17:27:00.927979+02,es,ES,True,17.7,False
1o1mni7n8qmepuffxg,,2025-08-24 17:53:30.259578+02,de,DE,False,23.8,False
1o1mni7n8qmepuvtmj,,2025-08-24 17:50:36.17429+02,es,ES,False,14.3,False
1o1mni7n8qmepv28q6,anon+6832e01a6ad8@example.invalid,2025-08-24 17:46:30.866537+02,fr,FR,True,,True
1o1mni7n8qmepvqxs8,,2025-08-24 18:07:07.70275+02,en,GB,False,14.4,False
1o1mni7n8qmepws9jm,anon+2e51178ccbeb@example.invalid,2025-08-24 18:38:24.345581+02,es,ES,True,17.7,True
1o1mni7n8qmepxembn,anon+fddf6ac373f9@example.invalid,2025-08-24 19:04:38.83682+02,it,IT,True,15.3,False
1o1mni7n8qmepz4m1z,anon+50fe446516c1@example.invalid,2025-08-24 20:09:04.867645+02,fr,FR,True,22.3,True
1o1mni7n8qmepz73h3,,2025-08-24 19:47:58.432292+02,en,GB,False,23.0,False
1o1mni7n8qmeq04puk,anon+05b3ae638423@example.invalid,2025-08-24 20:33:06.515943+02,de,DE,True,29.3,True
1o1mni7n8qmeq0r9o4,anon+8b1225037621@example.invalid,2025-08-24 20:29:38.239323+02,de,DE,True,22.3,True
1o1mni7n8qmeq1co04,anon+d8bd2db2e517@example.invalid,2025-08-24 20:47:32.357741+02,de,DE,True,18.8,True
1o1mni7n8qmeq22oml,anon+f04139a76cad@example.invalid,2025-08-24 21:11:58.015214+02,es,ES,True,0.0,True
1o1mni7n8qmeq3jrw0,anon+771d6fa2a433@example.invalid,2025-08-24 22:12:29.347052+02,es,ES,True,14.3,True
1o1mni7n8qmeq42kq3,,2025-08-24 22:07:48.764927+02,es,ES,False,33.2,False
1o1mni7n8qmeq43n6s,anon+6ca92267feff@example.invalid,2025-08-24 22:08:05.439495+02,es,ES,True,21.3,True
1o1mni7n8qmeq473n5,anon+d290937e26a7@example.invalid,2025-08-24 22:13:01.978701+02,it,IT,True,15.3,True
1o1mni7n8qmeq4la7b,anon+4a7d38238ac7@example.invalid,2025-08-24 22:20:19.375014+02,es,ES,True,34.06,False
1o1mni7n8qmeq4yehj,anon+cf493522241c@example.invalid,2025-08-24 22:42:57.312811+02,es,ES,True,23.42,False
1o1mni7n8qmeq59kl1,,2025-08-24 22:39:30.958531+02,fr,FR,True,27.7,False
1o1mni7n8qmeq6otxb,,2025-08-24 23:11:59.998063+02,es,ES,False,0.0,False
1o1mni7n8qmeq8hr5f,,2025-08-25 00:27:06.256861+02,fr,FR,False,22.3,False
1o1mni7n8qmeq9dgyl,,2025-08-25 00:27:09.199593+02,fr,FR,False,0.0,False
1o1mni7n8qmeqcw2g4,anon+12af091734fa@example.invalid,2025-08-25 02:15:45.81275+02,en,GB,True,18.5,True
1o1mni7n8qmeqgebng,,2025-08-25 03:45:12.909031+02,de,ES,False,,False
1o1mni7n8qmeqikteq,,2025-08-25 05:40:06.968437+02,es,ES,False,,False
1o1mni7n8qmeqmxz2f,,2025-08-25 06:47:28.310835+02,de,DE,False,0.0,False
1o1mni7n8qmeqotqet,,2025-08-25 07:43:11.179916+02,de,DE,False,0.0,False
1o1mni7n8qmeqowdeg,anon+ca2fadae131f@example.invalid,2025-08-25 07:44:49.828632+02,fr,FR,True,,False
1o1mni7n8qmeqoxwo7,,2025-08-25 07:46:13.680837+02,fr,FR,False,,False
1o1mni7n8qmeqpm7om,,2025-08-25 08:05:18.704155+02,it,IT,False,11.8,False
1o1mni7n8qmeqqelst,,2025-08-25 08:40:31.897856+02,en,GB,False,,False
1o1mni7n8qmeqqywab,anon+b1e3b5485cea@example.invalid,2025-08-25 08:54:51.802021+02,es,ES,True,17.8,True
1o1mni7n8qmeqs1ofs,,2025-08-25 09:10:31.22762+02,es,ES,False,17.8,False
1o1mni7n8qmeqs3q3r,anon+6d5bcc128fbe@example.invalid,2025-08-25 17:36:16.165728+02,es,ES,True,0.0,True
1o1mni7n8qmeqsdtu9,anon+f0a72ecd2504@example.invalid,2025-08-25 09:27:47.853206+02,es,ES,True,0.0,True
1o1mni7n8qmeqt4jx1,,2025-08-25 09:41:57.326619+02,es,ES,False,13.8,False
1o1mni7n8qmeqtpoog,,2025-08-25 09:56:39.298496+02,fr,FR,False,0.0,False
1o1mni7n8qmeqtwwyp,,2025-08-25 10:07:58.768326+02,en,GB,False,,False
1o1mni7n8qmequ3jp3,anon+fd55f99c69ba@example.invalid,2025-08-25 10:14:42.79169+02,es,ES,True,21.3,True
1o1mni7n8qmequeu96,,2025-08-25 10:18:32.812315+02,en,GB,False,28.4,False
1o1mni7n8qmequflqd,anon+2892162ee3de@example.invalid,2025-08-25 10:22:59.293179+02,fr,FR,True,,False
1o1mni7n8qmeqursg3,anon+4fc4c91a4274@example.invalid,2025-08-25 11:09:15.965551+02,es,ES,True,0.0,True
1o1mni7n8qmeqvfmd7,anon+0b4534d2691f@example.invalid,2025-08-25 10:55:55.984805+02,es,ES,True,31.8,True
1o1mni7n8qmeqx2ydn,,2025-08-25 11:33:18.424507+02,es,ES,False,10.8,False
1o1mni7n8qmeqxlpbx,,2025-08-25 11:47:59.340727+02,es,ES,False,17.8,False
1o1mni7n8qmeqy7dp8,,2025-08-25 12:05:55.096437+02,de,DE,False,17.2,False
1o1mni7n8qmeqyso17,,2025-08-25 12:18:49.57878+02,es,RU,False,0.0,False
1o1mni7n8qmeqz6ph1,,2025-08-25 12:32:12.253385+02,es,ES,False,17.8,False
1o1mni7n8qmeqzbhdm,anon+f709777ea176@example.invalid,2025-08-25 12:34:13.730339+02,fr,FR,True,22.3,False
1o1mni7n8qmeqzzj3p,,2025-08-25 12:53:05.451403+02,es,ES,False,,False
1o1mni7n8qmer01glh,,2025-08-25 13:01:48.78833+02,en,GB,False,14.8,False
1o1mni7n8qmer0dskz,anon+d8cd1917a730@example.invalid,2025-08-25 13:06:40.718721+02,en,GB,True,59.74,True
1o1mni7n8qmer1p90k,,2025-08-25 13:45:35.181607+02,it,IT,False,0.0,False
1o1mni7n8qmer1rqls,,2025-08-25 13:42:03.776546+02,en,GB,False,0.0,False
1o1mni7n8qmer36znd,,2025-08-25 14:25:35.53404+02,es,ES,False,31.5,False
1o1mni7n8qmer39d38,anon+1da9b783fff0@example.invalid,2025-08-25 14:29:54.534633+02,en,GB,True,14.4,False
1o1mni7n8qmer3aiwz,,2025-08-25 14:34:35.88233+02,es,ES,False,14.3,False
1o1mni7n8qmer3akhs,anon+d08399387daf@example.invalid,2025-08-25 14:29:38.975145+02,en,GB,True,35.4,True
1o1mni7n8qmer3c2q8,,2025-08-25 14:28:47.19079+02,de,DE,False,14.8,False
1o1mni7n8qmer76fg2,anon+a6eeafeba33f@example.invalid,2025-08-26 21:42:12.21527+02,es,ES,True,13.8,True
1o1mni7n8qmer86yl6,anon+556750a5fde3@example.invalid,2025-08-25 16:44:51.087777+02,fr,FR,True,45.69,False
1o1mni7n8qmer8wcbp,anon+c6d2311ec017@example.invalid,2025-08-25 17:18:35.964373+02,de,DE,True,22.3,True
1o1mni7n8qmer8zer9,,2025-08-25 17:17:13.647297+02,en,GB,False,24.9,False
1o1mni7n8qmer9e316,anon+a976424828b3@example.invalid,2025-08-25 18:20:33.506012+02,es,ES,True,28.3,True
1o1mni7n8qmer9unqi,,2025-08-25 17:39:41.628533+02,es,ES,False,31.8,False
1o1mni7n8qmer9uree,,2025-08-25 17:36:22.57592+02,es,ES,False,21.3,False
1o1mni7n8qmeradi7t,,2025-08-25 17:48:11.182432+02,en,GB,False,17.9,False
1o1mni7n8qmerb1eaj,,2025-08-25 18:17:07.601048+02,es,ES,False,22.91,False
1o1mni7n8qmerb7t1i,anon+157d5bbfcf0f@example.invalid,2025-08-25 18:16:58.233358+02,fr,CH,True,42.1,True
1o1mni7n8qmerbrbzc,anon+632cd5ca6b6c@example.invalid,2025-08-25 18:31:08.862898+02,de,DE,True,,True
1o1mni7n8qmerbu5f0,anon+485a7aaeb854@example.invalid,2025-08-25 18:31:57.537456+02,fr,FR,True,18.8,True
1o1mni7n8qmerbw6gg,,2025-08-25 18:34:41.269769+02,en,GB,False,17.9,False
1o1mni7n8qmercdxj8,,2025-08-25 18:48:19.531294+02,es,ES,False,21.3,False
1o1mni7n8qmercmmms,,2025-08-25 22:32:23.829907+02,sv,SE,False,223.0,False
1o1mni7n8qmerdcfna,anon+fd3600aff9a4@example.invalid,2025-08-25 19:14:01.057832+02,es,ES,True,10.8,True
1o1mni7n8qmerdfwec,anon+f0ad33438384@example.invalid,2025-08-25 19:57:52.617461+02,es,ES,True,,False
1o1mni7n8qmerdlq7v,,2025-08-25 19:34:16.476861+02,de,DE,False,14.8,False
1o1mni7n8qmerdnuvz,,2025-08-25 19:19:45.224378+02,en,GB,False,10.9,False
1o1mni7n8qmere040r,anon+663d6354d747@example.invalid,2025-08-25 19:25:21.778959+02,en,DE,True,,False
1o1mni7n8qmerep83b,anon+2329dc622d5e@example.invalid,2025-08-25 20:50:12.914383+02,de,DE,True,,True
1o1mni7n8qmerfsju8,,2025-08-25 20:17:05.900689+02,it,IT,False,0.0,False
1o1mni7n8qmerfwlzb,,2025-08-30 15:41:47.974199+02,es,ES,False,,False
1o1mni7n8qmergdvop,,2025-08-25 20:41:28.790755+02,es,ES,False,26.7,False
1o1mni7n8qmerggs7l,anon+24dbfea15086@example.invalid,2025-08-25 20:44:08.827835+02,es,ES,True,21.3,True
1o1mni7n8qmergp1xu,,2025-08-25 20:43:05.273954+02,es,ES,False,13.4,False
1o1mni7n8qmergpi27,,2025-08-25 20:42:50.538803+02,es,ES,False,27.7,False
1o1mni7n8qmergpqmb,anon+0967fd2b3725@example.invalid,2025-08-25 20:50:47.086846+02,en,GB,True,17.9,True
1o1mni7n8qmergy0wj,,2025-08-25 20:48:51.230628+02,it,IT,False,14.8,False
1o1mni7n8qmerh6of2,anon+74ea7824a7ff@example.invalid,2025-08-25 20:58:54.697076+02,en,GB,True,21.4,False
1o1mni7n8qmeri96wl,,2025-08-25 21:28:40.701171+02,de,DE,False,,False
1o1mni7n8qmerjbik7,,2025-08-25 21:53:19.839863+02,en,GB,False,0.0,False
1o1mni7n8qmerjec54,,2025-08-25 22:03:43.207581+02,fr,FR,False,15.3,False
1o1mni7n8qmerjh5ss,,2025-08-25 21:57:43.23756+02,en,GB,False,0.0,True
1o1mni7n8qmerjic3v,,2025-08-25 22:06:50.845338+02,en,GB,False,17.9,False
1o1mni7n8qmerjigfv,anon+17c456d927be@example.invalid,2025-08-25 22:01:41.335326+02,es,ES,True,,False
1o1mni7n8qmerjmet4,anon+d75a7890589b@example.invalid,2025-08-28 13:48:03.160954+02,es,ES,True,17.8,True
1o1mni7n8qmerjsqdq,,2025-08-25 22:08:09.895799+02,de,DE,False,11.8,False
1o1mni7n8qmerkan7u,anon+8b72bc929b2a@example.invalid,2025-08-25 22:29:06.170061+02,en,GB,True,17.9,False
1o1mni7n8qmerll4kk,,2025-08-25 22:59:08.196102+02,it,IT,False,21.18,False
1o1mni7n8qmerlya7h,,2025-08-25 23:09:08.405018+02,de,DE,False,0.0,False
1o1mni7n8qmerqmebt,,2025-08-26 01:19:54.380551+02,de,DE,False,10.7,False
1o1mni7n8qmerrgj39,,2025-08-26 01:41:11.870481+02,es,ES,False,0.0,False
1o1mni7n8qmers267l,,2025-08-26 02:01:51.179054+02,es,ES,False,,False
1o1mni7n8qmerv1f0i,anon+b3e39d87e8a1@example.invalid,2025-08-26 03:35:48.732528+02,es,ES,True,,False
1o1mni7n8qmes0xias,,2025-08-26 06:28:53.76197+02,de,DE,True,0.0,True
1o1mni7n8qmes43kll,,2025-08-26 07:35:01.475706+02,en,GB,False,,False
1o1mni7n8qmes54891,,2025-08-26 08:04:08.511301+02,de,DE,False,14.8,False
1o1mni7n8qmes6g0r9,anon+54959b75708f@example.invalid,2025-08-26 08:48:03.969526+02,es,ES,True,,False
1o1mni7n8qmes6kdp8,,2025-08-26 10:32:57.028427+02,de,DE,False,29.3,False
1o1mni7n8qmes78km0,anon+ff8eea0d9fe0@example.invalid,2025-08-26 09:12:20.448718+02,en,GB,True,17.9,True
1o1mni7n8qmes8crhj,,2025-08-26 09:39:59.325587+02,es,ES,False,31.8,False
1o1mni7n8qmesa046l,,2025-08-26 10:22:56.445767+02,es,ES,False,19.6,False
1o1mni7n8qmesa0gje,anon+f699d3566a2d@example.invalid,2025-08-26 10:20:33.711028+02,es,DE,True,0.0,False
1o1mni7n8qmesa2vjv,,2025-08-26 10:25:29.946576+02,es,ES,False,10.8,False
1o1mni7n8qmesaih15,,2025-08-26 10:34:33.796115+02,de,DE,False,,False
1o1mni7n8qmesaih2n,,2025-08-26 10:34:33.847818+02,de,DE,False,,False
1o1mni7n8qmesamn27,,2025-08-26 10:55:10.04959+02,es,ES,False,27.75,False
1o1mni7n8qmesaw34h,,2025-08-26 10:56:44.981669+02,es,ES,False,21.3,False
1o1mni7n8qmesbbghz,anon+c413e3d9908d@example.invalid,2025-08-26 10:59:18.782869+02,en,GB,True,23.4,True
1o1mni7n8qmesbe0kc,anon+8350d0a765b2@example.invalid,2025-08-26 11:04:03.767114+02,en,GB,True,24.9,False
1o1mni7n8qmesbvvrq,anon+9a631bb59da6@example.invalid,2025-08-26 11:26:32.51236+02,en,GB,True,,False
1o1mni7n8qmesc2n72,anon+de44b0203d9d@example.invalid,2025-08-26 11:24:41.584756+02,it,IT,True,22.3,True
1o1mni7n8qmesc43ms,anon+476dbfb59538@example.invalid,2025-08-26 11:41:33.217152+02,es,ES,True,,False
1o1mni7n8qmesdb21d,anon+68140e50a9ea@example.invalid,2025-08-26 11:58:02.99256+02,es,ES,True,,False
1o1mni7n8qmesddtvt,anon+84d2dc86cddb@example.invalid,2025-08-26 12:23:47.959249+02,fr,FR,True,25.8,True
1o1mni7n8qmesdr54d,,2025-08-26 12:13:56.598497+02,es,ES,False,24.8,False
1o1mni7n8qmesdsp2i,,2025-08-26 12:09:13.219641+02,it,IT,False,14.8,False
1o1mni7n8qmeseoshn,,2025-08-26 12:35:17.822769+02,de,DE,False,11.8,False
1o1mni7n8qmesjm5n7,,2025-08-26 14:50:26.226161+02,de,DE,False,14.85,False
1o1mni7n8qmeskcyy2,anon+05fc47efae4c@example.invalid,2025-08-26 15:11:57.967454+02,es,ES,True,42.68,True
1o1mni7n8qmeskhpav,,2025-08-26 15:18:07.141244+02,en,FR,False,25.8,False
1o1mni7n8qmeskq06b,anon+a668c5f8a028@example.invalid,2025-08-26 15:35:52.401542+02,es,ES,True,,False
1o1mni7n8qmesldoim,anon+776ccde29241@example.invalid,2025-08-26 15:53:45.169844+02,es,ES,True,24.8,True
1o1mni7n8qmeslgaq6,anon+2a1b31853175@example.invalid,2025-08-26 15:42:09.010038+02,en,FR,True,21.62,True
1o1mni7n8qmesncm7q,anon+5f698779725b@example.invalid,2025-08-26 16:37:55.760242+02,es,ES,True,,False
1o1mni7n8qmesndavm,,2025-08-26 16:34:49.95689+02,fr,FR,False,,False
1o1mni7n8qmesnedji,,2025-08-26 16:35:29.971152+02,fr,FR,False,22.3,False
1o1mni7n8qmesntja6,anon+17ae3e9709fb@example.invalid,2025-08-26 16:52:03.653709+02,en,GB,True,,False
1o1mni7n8qmesob12w,anon+3029e99f3c79@example.invalid,2025-08-26 17:23:15.608704+02,es,ES,True,28.3,True
1o1mni7n8qmespp30u,anon+cf0ea55c70eb@example.invalid,2025-08-26 19:53:02.835729+02,es,ES,True,41.68,True
1o1mni7n8qmespwzvw,,2025-08-26 17:57:50.098317+02,es,ES,True,,True
1o1mni7n8qmesqbmv5,anon+926fe0ba5c8f@example.invalid,2025-08-26 18:06:02.9166+02,es,ES,True,21.3,True
1o1mni7n8qmesqdwry,anon+1e30ecfe2269@example.invalid,2025-08-26 18:08:13.286954+02,es,ES,True,,False
1o1mni7n8qmesqo1pj,,2025-08-26 18:07:37.116326+02,de,DE,False,18.9,False
1o1mni7n8qmesqt3r0,,2025-08-26 18:34:21.775588+02,es,ES,False,24.8,False
1o1mni7n8qmesro2z7,,2025-08-26 18:38:06.266953+02,fr,FR,False,,False
1o1mni7n8qmest3xzu,,2025-08-26 19:15:10.493607+02,fr,FR,False,0.0,False
1o1mni7n8qmesttax8,,2025-08-26 19:48:20.753679+02,es,ES,False,24.8,False
1o1mni7n8qmesu9zhl,,2025-08-26 19:56:52.83158+02,de,DE,False,23.8,False
1o1mni7n8qmesuw3e1,anon+d7b872fb8e53@example.invalid,2025-08-28 05:30:54.068286+02,fr,FR,True,11.8,False
1o1mni7n8qmesv5tqy,,2025-08-26 20:12:38.871313+02,es,RO,False,,False
1o1mni7n8qmesvc9k0,anon+a7499ed52164@example.invalid,2025-08-26 20:20:33.934973+02,es,ES,True,24.8,True
1o1mni7n8qmesvp2wn,,2025-08-26 20:31:25.31841+02,fr,FR,False,11.8,False
1o1mni7n8qmesvqfn8,anon+e1eb372b76cd@example.invalid,2025-08-26 20:28:55.68023+02,fr,FR,True,25.8,True
1o1mni7n8qmesw367f,anon+a0ebef0a8441@example.invalid,2025-08-26 20:53:40.417255+02,es,ES,True,,False
1o1mni7n8qmeswck2w,anon+6e01e6581f6e@example.invalid,2025-08-26 20:58:24.276247+02,es,CO,True,,False
1o1mni7n8qmeswdr3c,anon+d6f207d94dc0@example.invalid,2025-08-26 21:02:39.782111+02,de,DE,True,38.34,True
1o1mni7n8qmeswe93f,,2025-08-26 20:53:18.828937+02,en,GB,False,17.9,False
1o1mni7n8qmeswne9w,,2025-08-26 21:01:21.554452+02,de,DE,False,36.3,False
1o1mni7n8qmesxawq2,,2025-08-26 21:16:39.23662+02,en,GB,False,10.9,False
1o1mni7n8qmesxcusw,,2025-08-30 11:18:07.037001+02,it,IT,False,18.7,False
1o1mni7n8qmesxpw8u,anon+8eb6e219d243@example.invalid,2025-08-26 21:39:57.021082+02,fr,FR,True,,False
1o1mni7n8qmesyg3hc,,2025-08-26 21:47:01.342382+02,de,DE,False,0.0,False
1o1mni7n8qmesykibi,anon+73f1cf28d983@example.invalid,2025-08-26 21:58:14.554578+02,es,ES,True,0.0,True
1o1mni7n8qmesyyhi2,,2025-08-30 22:29:54.522494+02,en,GB,True,,True
1o1mni7n8qmesz3lvy,anon+42185bf64821@example.invalid,2025-08-26 22:08:07.783211+02,en,GB,True,14.4,False
1o1mni7n8qmeszaxdk,,2025-08-26 22:11:47.59848+02,sv,SE,False,0.0,False
1o1mni7n8qmeszoj41,,2025-08-26 22:25:33.33602+02,it,IT,False,24.8,False
1o1mni7n8qmesztfeg,,2025-08-26 22:22:55.988068+02,en,US,False,0.0,False
1o1mni7n8qmet1dbq7,anon+8b162a117ccb@example.invalid,2025-08-27 00:14:44.750408+02,en,GB,True,28.4,True
1o1mni7n8qmet1jut1,anon+8350d0a765b2@example.invalid,2025-08-26 23:11:28.707021+02,en,GB,True,0.0,True
1o1mni7n8qmet1ol45,anon+f80e740a9796@example.invalid,2025-08-26 23:22:27.182039+02,en,GB,True,24.9,False
1o1mni7n8qmet7h7iz,anon+201b7514f2bd@example.invalid,2025-08-27 02:04:43.524618+02,es,ES,True,17.82,False
1o1mni7n8qmet7t1ps,,2025-08-27 02:15:42.305833+02,es,ES,False,21.3,False
1o1mni7n8qmetafhoe,,2025-08-27 03:20:03.333743+02,en,GB,False,,False
1o1mni7n8qmetbmfoq,,2025-08-27 03:54:47.536605+02,es,ES,False,26.8,False
1o1mni7n8qmetch33c,,2025-08-27 04:24:32.033869+02,fr,FR,False,14.89,False
1o1mni7n8qmetf65nt,,2025-08-27 05:35:35.344563+02,fr,FR,False,,False
1o1mni7n8qmetf850r,anon+fe9c3ebc52f6@example.invalid,2025-08-27 05:41:08.687595+02,es,ES,True,0.0,False
1o1mni7n8qmeth8hrq,anon+56c93a010513@example.invalid,2025-08-27 06:30:41.238457+02,en,GB,True,0.0,False
1o1mni7n8qmeti32cg,,2025-08-27 09:24:41.268015+02,es,ES,False,38.7,False
1o1mni7n8qmetk3vfe,,2025-08-27 08:04:41.5544+02,es,ES,False,13.8,False
1o1mni7n8qmetk533l,anon+2123ab5e9c87@example.invalid,2025-08-27 07:57:44.985233+02,de,DE,True,13.22,False
1o1mni7n8qmetk5hjy,anon+83c38c139be1@example.invalid,2025-08-27 14:39:57.492276+02,de,DE,True,0.0,True
1o1mni7n8qmetkafnv,,2025-08-27 07:58:53.150177+02,es,ES,False,10.8,False
1o1mni7n8qmetkndc5,anon+f4468e9df510@example.invalid,2025-08-27 08:30:56.58515+02,fr,FR,True,32.8,False
1o1mni7n8qmetl373l,anon+2364f6a58ec9@example.invalid,2025-08-27 08:39:33.687195+02,fr,FR,True,,False
1o1mni7n8qmetlavvj,,2025-08-27 08:24:57.615345+02,en,GB,False,30.1,False
1o1mni7n8qmetmog8f,,2025-08-27 09:05:16.543017+02,fr,FR,False,,False
1o1mni7n8qmetms8s3,anon+7a494b02a14a@example.invalid,2025-08-27 09:07:04.005354+02,en,GB,True,0.0,False
1o1mni7n8qmetmspm9,anon+1c2d0fe8599a@example.invalid,2025-08-30 18:31:00.764556+02,es,ES,True,28.3,False
1o1mni7n8qmetp54iw,anon+cd436c426958@example.invalid,2025-08-27 10:20:50.363633+02,es,ES,True,20.62,True
1o1mni7n8qmetqli25,anon+cdb5e04c0582@example.invalid,2025-08-27 10:57:47.328367+02,en,GB,True,,False
1o1mni7n8qmetrb8p4,anon+0f6be3e96cde@example.invalid,2025-08-27 11:25:23.375087+02,es,ES,True,24.8,False
1o1mni7n8qmetrcigg,anon+bd0dcba2528a@example.invalid,2025-08-27 11:17:52.33628+02,es,ES,True,,False
1o1mni7n8qmetri98r,anon+ddd549f62def@example.invalid,2025-08-27 12:07:58.145321+02,it,IT,True,26.7,True
1o1mni7n8qmetryciy,anon+ea5e9c2fbed1@example.invalid,2025-08-27 13:50:32.046691+02,es,ES,True,,False
1o1mni7n8qmets4twl,anon+fa411b46ce5c@example.invalid,2025-08-27 11:40:40.047885+02,fr,FR,True,11.8,True
1o1mni7n8qmets7gbr,,2025-08-27 11:40:35.417515+02,it,IT,False,18.7,False
1o1mni7n8qmetswzm0,,2025-08-27 12:21:32.955308+02,es,ES,False,,False
1o1mni7n8qmett1co4,anon+b8bb28e2109c@example.invalid,2025-08-27 12:08:13.784812+02,en,GB,True,,False
1o1mni7n8qmettaqk9,anon+16324c555abc@example.invalid,2025-08-30 08:24:43.97401+02,en,GB,True,,False
1o1mni7n8qmettchpb,,2025-08-27 12:09:52.79936+02,es,ES,False,0.0,False
1o1mni7n8qmetuwri8,,2025-08-27 12:53:19.135932+02,en,GB,False,0.0,False
1o1mni7n8qmetv65xc,anon+b0954695a900@example.invalid,2025-08-27 13:09:20.31397+02,en,GB,True,24.9,True
1o1mni7n8qmetva48k,anon+5868f6ec1aab@example.invalid,2025-08-27 13:14:04.793451+02,es,ES,True,0.0,True
1o1mni7n8qmetva5pc,,2025-08-27 13:03:47.359043+02,en,GB,False,0.0,False
1o1mni7n8qmetvg2b2,,2025-08-27 13:10:23.779739+02,en,GB,False,0.0,False
1o1mni7n8qmetvg805,,2025-08-27 13:09:26.525853+02,es,ES,False,0.0,False
1o1mni7n8qmetvknta,anon+4641e3b1608a@example.invalid,2025-08-27 13:17:57.920197+02,es,ES,True,,False
1o1mni7n8qmetvp3yh,anon+c68fc3e01050@example.invalid,2025-08-27 13:17:51.593225+02,fr,FR,True,24.2,False
1o1mni7n8qmetwtyy7,anon+be5eb77a495c@example.invalid,2025-08-27 13:54:02.051552+02,fr,FR,True,,False
1o1mni7n8qmetwvcfz,,2025-08-27 13:52:44.784807+02,de,DE,False,,False
1o1mni7n8qmetxiv7u,,2025-08-29 21:08:17.229532+02,fr,FR,False,53.7,False
1o1mni7n8qmetxn3x6,anon+d276406dd8bc@example.invalid,2025-08-27 14:10:46.850093+02,fr,FR,True,11.8,True
1o1mni7n8qmetxyqa8,,2025-08-27 14:24:34.665784+02,it,IT,False,14.85,False
1o1mni7n8qmety1b65,,2025-08-27 14:27:51.178039+02,en,GB,False,0.0,False
1o1mni7n8qmetyp9ap,anon+b1e5930f945b@example.invalid,2025-08-27 18:00:06.439514+02,it,IT,True,18.8,True
1o1mni7n8qmetyr13r,,2025-08-27 14:42:20.664945+02,en,GB,False,0.0,False
1o1mni7n8qmeu0g9p0,anon+257aa15ac356@example.invalid,2025-08-27 15:35:44.701841+02,es,ES,True,21.3,True
1o1mni7n8qmeu1f9ij,,2025-08-27 15:55:47.779807+02,es,ES,False,0.0,False
1o1mni7n8qmeu1oaqe,anon+87d4278374e2@example.invalid,2025-08-27 16:26:54.022157+02,es,ES,True,,True
1o1mni7n8qmeu28zkc,anon+93fdbb507c13@example.invalid,2025-08-27 16:18:57.847482+02,fr,FR,True,38.1,True
1o1mni7n8qmeu331o4,anon+e70f3dd7e314@example.invalid,2025-08-27 16:56:13.49225+02,es,ES,True,28.3,True
1o1mni7n8qmeu42y8e,anon+bc8b94a9f42f@example.invalid,2025-08-27 17:17:04.222724+02,en,GB,True,,False
1o1mni7n8qmeu5i4kk,anon+e6f7826f3973@example.invalid,2025-08-27 17:58:21.574305+02,es,ES,True,,False
1o1mni7n8qmeu5ibkh,,2025-08-27 17:50:01.800347+02,es,ES,False,,False
1o1mni7n8qmeu6thtd,anon+5725993671c2@example.invalid,2025-08-31 14:15:50.971343+02,es,ES,True,21.3,True
1o1mni7n8qmeu6u1ms,,2025-08-27 18:31:22.821648+02,en,ES,False,10.8,False
1o1mni7n8qmeu70ekn,,2025-08-27 18:39:19.492706+02,en,GB,False,16.9,False
1o1mni7n8qmeu7d3uk,anon+bc8b94a9f42f@example.invalid,2025-08-28 11:23:23.612896+02,en,GB,True,15.3,True
1o1mni7n8qmeu8ghn1,anon+c2d4b8037cab@example.invalid,2025-08-27 19:15:32.172786+02,en,GB,True,17.9,True
1o1mni7n8qmeu8ri7n,,2025-08-27 19:54:18.493837+02,de,DE,False,25.8,False
1o1mni7n8qmeu99i14,anon+6c728b45ddba@example.invalid,2025-08-27 19:35:42.173862+02,de,DE,True,35.75,True
1o1mni7n8qmeu9kq0f,anon+a4374673c7f8@example.invalid,2025-08-27 19:53:05.774407+02,sv,SE,True,223.0,False
1o1mni7n8qmeu9kv3g,,2025-08-27 19:45:19.054021+02,en,GB,False,10.9,False
1o1mni7n8qmeu9u7h6,anon+bf6c77bdf8cc@example.invalid,2025-08-27 19:55:20.340246+02,en,GB,True,14.4,False
1o1mni7n8qmeu9y87g,,2025-08-27 19:54:51.934578+02,en,GB,False,13.8,False
1o1mni7n8qmeuaepij,,2025-08-27 20:25:36.735097+02,de,DE,False,49.65,False
1o1mni7n8qmeubvcwt,anon+cdf2cc4c6a05@example.invalid,2025-08-27 20:55:26.360045+02,en,GB,True,21.4,False
1o1mni7n8qmeucutdi,,2025-08-27 21:21:01.048507+02,sv,SE,False,258.0,False
1o1mni7n8qmeudbz1b,anon+5b87c0b36a49@example.invalid,2025-08-27 22:24:40.9372+02,en,GB,True,17.9,False
1o1mni7n8qmeue1u4b,,2025-08-27 21:51:47.092641+02,es,ES,False,,False
1o1mni7n8qmeue284n,anon+bcd5d01f45ff@example.invalid,2025-08-27 22:25:12.026755+02,fr,FR,True,22.3,True
1o1mni7n8qmeufsjxb,,2025-08-27 22:48:43.359528+02,es,ES,False,31.8,False
1o1mni7n8qmeugg9w3,,2025-08-27 23:00:44.138434+02,fr,FR,False,,False
1o1mni7n8qmeuhe9jm,anon+776ccde29241@example.invalid,2025-08-30 11:29:03.12684+02,es,ES,True,0.0,True
1o1mni7n8qmeuhnmpc,,2025-08-27 23:41:34.230173+02,es,ES,False,21.3,False
1o1mni7n8qmeui0hke,anon+690ee7b727c6@example.invalid,2025-08-27 23:47:02.873087+02,es,ES,True,,False
1o1mni7n8qmeujifai,,2025-08-28 00:30:21.17298+02,fr,FR,False,11.8,False
1o1mni7n8qmeuk20ty,anon+ea9676d024a0@example.invalid,2025-08-28 00:46:57.712802+02,en,GB,True,,False
1o1mni7n8qmeunxrfx,anon+5d09bdbeef85@example.invalid,2025-08-28 02:42:44.544122+02,es,ES,True,,False
1o1mni7n8qmeup8qdq,,2025-08-28 03:12:23.181088+02,es,ES,False,17.7,False
1o1mni7n8qmeuplx99,anon+3e984466812b@example.invalid,2025-08-28 03:39:43.709593+02,es,ES,True,68.09,True
1o1mni7n8qmeutpfvm,,2025-08-28 05:10:01.447108+02,es,ES,False,43.5,False
1o1mni7n8qmeuw9p2v,anon+3afb341f05a5@example.invalid,2025-08-28 06:34:49.035871+02,en,GB,True,14.4,True
1o1mni7n8qmeuzkdbz,,2025-08-28 08:01:56.283936+02,de,DE,False,35.75,False
1o1mni7n8qmev00izd,,2025-08-28 08:05:04.453468+02,fr,FR,False,24.2,False
1o1mni7n8qmev0uc81,anon+95ee9c6f4eed@example.invalid,2025-08-28 08:39:41.906098+02,es,ES,True,24.8,False
1o1mni7n8qmev14f0y,anon+417940ef74d0@example.invalid,2025-08-28 08:40:50.306401+02,de,DE,True,48.5,False
1o1mni7n8qmev1te74,anon+604b98aa796c@example.invalid,2025-08-28 09:09:58.687663+02,es,ES,True,,False
1o1mni7n8qmev24mnb,,2025-08-28 09:04:04.408378+02,es,ES,False,,False
1o1mni7n8qmev2i1mf,,2025-08-28 09:14:50.751371+02,es,US,False,11.8,False
1o1mni7n8qmev2qgr9,anon+ac70919548a4@example.invalid,2025-08-28 09:30:32.718034+02,es,ES,True,,False
1o1mni7n8qmev34cdm,,2025-08-28 09:32:08.98553+02,en,GB,False,,False
1o1mni7n8qmev37piy,anon+5b87c0b36a49@example.invalid,2025-08-28 09:33:33.804851+02,en,GB,True,0.0,True
1o1mni7n8qmev4eikh,anon+173c52d60add@example.invalid,2025-08-28 10:16:36.253614+02,it,IT,True,39.7,True
1o1mni7n8qmev4f8zg,anon+5f6ddf020dd9@example.invalid,2025-08-28 10:12:52.39393+02,de,DE,True,,False
1o1mni7n8qmev5pcjh,,2025-08-28 10:45:38.393727+02,en,GB,False,14.35,False
1o1mni7n8qmev60z0d,anon+a138397f4d84@example.invalid,2025-08-28 11:22:04.659667+02,fr,FR,True,,False
1o1mni7n8qmev62ya0,anon+417940ef74d0@example.invalid,2025-08-28 11:00:30.271144+02,de,DE,True,15.3,False
1o1mni7n8qmev64y00,anon+56c8733baedd@example.invalid,2025-08-28 11:19:50.544212+02,en,GB,True,,False
1o1mni7n8qmev6p1l0,anon+4b3d02605af3@example.invalid,2025-08-28 11:17:00.631352+02,sv,SE,True,118.0,True
1o1mni7n8qmev6t45t,,2025-08-28 11:14:51.548229+02,es,ES,False,31.8,False
1o1mni7n8qmev7ojxt,,2025-08-28 15:50:52.187097+02,fr,FR,False,22.3,False
1o1mni7n8qmev7u083,,2025-08-28 13:37:29.741363+02,es,ES,False,17.8,False
1o1mni7n8qmev92s26,,2025-08-28 12:20:50.084153+02,es,ES,False,10.8,False
1o1mni7n8qmev9kslr,,2025-08-28 12:31:41.700898+02,it,IT,False,0.0,False
1o1mni7n8qmevatn6v,anon+2e6dfcb52230@example.invalid,2025-08-28 13:14:09.319996+02,en,GB,True,19.5,False
1o1mni7n8qmevaye7d,,2025-08-28 13:15:13.545766+02,it,IT,False,29.3,False
1o1mni7n8qmevb6ejb,anon+e14a5a0f647d@example.invalid,2025-08-28 13:22:24.025729+02,fr,FR,True,25.8,False
1o1mni7n8qmevc2x4h,,2025-08-28 13:44:25.758509+02,it,IT,False,0.0,False
1o1mni7n8qmevcd9ll,,2025-08-30 12:48:37.24228+02,es,ES,False,21.3,False
1o1mni7n8qmevcje1k,anon+66095e7e1383@example.invalid,2025-08-30 10:01:13.76722+02,es,ES,True,24.8,True
1o1mni7n8qmevcswbn,,2025-09-01 12:17:57.02138+02,en,GB,False,17.9,False
1o1mni7n8qmevdiyfy,,2025-08-28 21:03:22.364909+02,it,IT,False,11.8,False
1o1mni7n8qmeveb4b9,,2025-08-28 16:29:22.106846+02,es,ES,False,38.7,False
1o1mni7n8qmevekccs,anon+2d809444a9e0@example.invalid,2025-08-28 15:03:22.992272+02,fr,FR,True,,False
1o1mni7n8qmevfqq65,anon+621769f67a12@example.invalid,2025-08-28 16:30:06.674733+02,fr,FR,True,22.3,True
1o1mni7n8qmevg0epk,anon+fa62ca7f2f75@example.invalid,2025-08-28 15:35:01.507061+02,it,IT,True,0.0,True
1o1mni7n8qmevgam2k,anon+e88224e6cb16@example.invalid,2025-08-28 15:53:27.7861+02,es,ES,True,,True
1o1mni7n8qmevgf4g0,,2025-08-28 16:19:31.425833+02,fr,FR,False,14.85,False
1o1mni7n8qmevgm5ca,,2025-08-28 15:48:52.838318+02,es,ES,False,,False
1o1mni7n8qmevgmryr,,2025-08-28 16:24:49.377366+02,fr,FR,False,15.3,False
1o1mni7n8qmevgxcqd,anon+fa62ca7f2f75@example.invalid,2025-08-28 15:57:29.608914+02,it,IT,True,0.0,False
1o1mni7n8qmevho2rd,anon+dd22f95a1364@example.invalid,2025-08-28 16:28:31.778239+02,de,DE,True,0.0,False
1o1mni7n8qmevhsfhh,anon+7543f8fd5c89@example.invalid,2025-08-28 16:28:01.918871+02,es,ES,True,21.3,True
1o1mni7n8qmevhzybj,,2025-08-28 16:36:18.108397+02,de,DE,False,0.0,False
1o1mni7n8qmevi51gd,anon+aaf1b62e2796@example.invalid,2025-08-28 16:41:01.369986+02,fr,FR,True,22.3,True
1o1mni7n8qmevil2r3,,2025-08-28 17:16:00.58032+02,de,DE,False,31.2,False
1o1mni7n8qmeviws1m,,2025-08-28 19:56:16.014808+02,en,GB,False,,True
1o1mni7n8qmevj45l5,,2025-08-28 17:15:52.320123+02,es,ES,False,24.8,False
1o1mni7n8qmevj8oe8,anon+bc1727875b4f@example.invalid,2025-08-28 17:13:58.841315+02,es,ES,True,,False
1o1mni7n8qmevj944p,anon+371fbe7daac7@example.invalid,2025-08-28 17:15:39.884476+02,fr,FR,True,25.8,True
1o1mni7n8qmevjxca8,anon+36fa992ccbb1@example.invalid,2025-08-28 17:49:47.567297+02,es,ES,True,,False
1o1mni7n8qmevlcwh8,anon+e16d40ed4e91@example.invalid,2025-08-28 18:13:41.541605+02,fr,FR,True,5.6,True
1o1mni7n8qmevlexri,,2025-08-28 18:07:35.454753+02,de,DE,False,11.9,False
1o1mni7n8qmevlyt0o,anon+5e0be501f338@example.invalid,2025-08-28 20:04:35.900092+02,es,ES,True,24.8,True
1o1mni7n8qmevm5q8q,,2025-08-28 19:20:57.464311+02,es,ES,False,24.8,False
1o1mni7n8qmevm6uny,anon+16b0f9062a1c@example.invalid,2025-08-28 18:27:45.513516+02,es,ES,True,,False
1o1mni7n8qmevmu9gh,,2025-08-28 18:48:42.801248+02,fr,FR,False,14.4,False
1o1mni7n8qmevotf0d,anon+c5c8ad118136@example.invalid,2025-08-28 19:55:39.831736+02,es,ES,True,14.94,True
1o1mni7n8qmevpgmff,,2025-08-28 19:56:21.228195+02,en,US,False,,False
1o1mni7n8qmevpk2n2,anon+6a0adeb8e11a@example.invalid,2025-08-28 20:05:45.119811+02,fr,FR,True,,False
1o1mni7n8qmevr8v2r,,2025-08-28 20:47:23.232844+02,es,ES,False,10.9,False
1o1mni7n8qmevrwruc,anon+af9c7bc5bf7d@example.invalid,2025-08-28 21:15:00.65981+02,fr,FR,True,,False
1o1mni7n8qmevs7cpx,anon+842d659d1c6c@example.invalid,2025-08-29 05:10:14.366304+02,en,US,True,0.0,True
1o1mni7n8qmevshbpr,anon+8a05e37e0cb1@example.invalid,2025-08-28 21:38:49.269524+02,fr,FR,True,,False
1o1mni7n8qmevsi6or,anon+3fdf60d87799@example.invalid,2025-08-28 21:35:24.830526+02,fr,FR,True,25.8,True
1o1mni7n8qmevsqoiy,anon+937ce133c9d3@example.invalid,2025-08-28 21:32:06.005865+02,es,CO,True,,False
1o1mni7n8qmevtangd,,2025-08-28 21:51:04.609049+02,de,DE,False,15.3,False
1o1mni7n8qmevucodt,anon+cef10d9551d3@example.invalid,2025-08-28 22:23:49.173789+02,sv,SE,True,104.2,True
1o1mni7n8qmevv3ogw,,2025-08-28 22:46:06.276193+02,fr,FR,False,20.7,False
1o1mni7n8qmevvudle,anon+e7b64c9fd793@example.invalid,2025-08-28 23:02:39.430408+02,es,ES,True,,False
1o1mni7n8qmevvxpty,anon+7674d2d3e796@example.invalid,2025-08-29 23:23:47.178242+02,es,ES,True,,False
1o1mni7n8qmevw1jf8,,2025-08-28 23:09:46.510719+02,es,ES,False,23.2,False
1o1mni7n8qmevx4ye1,anon+b6777214e195@example.invalid,2025-08-28 23:43:37.616399+02,en,GB,True,,False
1o1mni7n8qmevx7eb9,anon+85010ffcfa82@example.invalid,2025-08-28 23:35:46.352231+02,en,GB,True,,False
1o1mni7n8qmevxbrz6,,2025-08-28 23:41:50.926216+02,es,ES,False,17.8,False
1o1mni7n8qmevyyz3n,,2025-08-29 00:27:22.319046+02,es,ES,False,10.8,False
1o1mni7n8qmevza3sg,,2025-08-29 00:38:45.083138+02,it,IT,False,18.8,False
1o1mni7n8qmew0f734,,2025-08-29 01:12:24.485926+02,es,ES,False,23.2,False
1o1mni7n8qmew8qqbs,,2025-08-29 04:56:14.656182+02,en,US,False,,False
1o1mni7n8qmewdq6wo,,2025-08-29 07:24:47.182452+02,es,ES,True,21.3,False
1o1mni7n8qmewe39wd,,2025-08-29 07:29:58.476611+02,fr,FR,False,,False
1o1mni7n8qmewf1gyp,anon+7156d0ee2904@example.invalid,2025-08-29 07:59:20.680494+02,en,GB,True,58.29,False
1o1mni7n8qmewfeg6z,,2025-08-29 08:02:29.861795+02,en,GB,False,,False
1o1mni7n8qmewfrwhw,anon+d7f1477e369c@example.invalid,2025-08-29 09:41:48.705802+02,es,ES,True,14.3,True
1o1mni7n8qmewguh4w,anon+da13978408db@example.invalid,2025-08-29 09:06:38.614026+02,en,GB,True,24.9,True
1o1mni7n8qmewhxu5p,,2025-08-29 09:37:16.852825+02,es,ES,True,21.3,False
1o1mni7n8qmewjlyzq,,2025-08-29 10:04:50.301633+02,fr,FR,False,15.3,False
1o1mni7n8qmewlzm7h,,2025-08-29 11:24:20.139346+02,fr,FR,False,29.3,False
1o1mni7n8qmewmn4sk,anon+b53aabfa2ac5@example.invalid,2025-08-29 12:31:53.617385+02,es,ES,True,34.5,True
1o1mni7n8qmewqq6au,,2025-08-29 13:19:32.573981+02,en,GB,False,,False
1o1mni7n8qmewqrzsp,anon+0d65fc06e004@example.invalid,2025-08-29 14:01:40.078008+02,en,GB,True,28.4,True
1o1mni7n8qmewr3bjb,,2025-08-29 13:31:46.314853+02,es,ES,False,19.95,False
1o1mni7n8qmewsiq38,anon+2e1a0f5db4fd@example.invalid,2025-08-29 14:23:01.861654+02,fr,FR,True,27.22,True
1o1mni7n8qmewueckh,anon+13be197fab28@example.invalid,2025-08-29 15:09:16.611333+02,es,ES,True,,False
1o1mni7n8qmewuewri,anon+b4704d1662bf@example.invalid,2025-08-29 15:05:54.834337+02,es,ES,True,36.02,False
1o1mni7n8qmewvleqz,,2025-08-29 15:47:17.498932+02,it,IT,False,11.8,False
1o1mni7n8qmewwlg90,anon+409ef0390e37@example.invalid,2025-08-29 16:11:36.377475+02,es,ES,True,,False
1o1mni7n8qmewwpmo5,,2025-08-29 16:09:15.37139+02,de,DE,False,14.85,False
1o1mni7n8qmewy9pdp,anon+ac801816ed6b@example.invalid,2025-08-29 17:04:41.830716+02,fr,FR,True,0.0,True
1o1mni7n8qmewyzk2z,,2025-08-29 17:10:48.490184+02,en,GB,False,0.0,False
1o1mni7n8qmewzghpf,anon+f474e194a065@example.invalid,2025-08-29 17:30:15.872097+02,fr,FR,True,0.0,True
1o1mni7n8qmewzrnny,anon+69403129c6c0@example.invalid,2025-08-29 17:40:37.595704+02,es,ES,True,17.8,False
1o1mni7n8qmewzuycz,anon+5b59a498202f@example.invalid,2025-08-29 17:40:10.739684+02,de,DE,True,0.0,True
1o1mni7n8qmex0lg55,anon+cb635521efb1@example.invalid,2025-08-29 17:57:40.176478+02,en,GB,True,,False
1o1mni7n8qmex1en2g,,2025-08-29 18:23:17.547859+02,es,ES,False,10.8,False
1o1mni7n8qmex3ycso,anon+9c64983ec7a2@example.invalid,2025-08-29 19:30:15.693292+02,fr,FR,True,25.8,True
1o1mni7n8qmex46sxx,anon+f8de0d17402e@example.invalid,2025-08-29 19:40:38.754705+02,de,DE,True,11.8,True
1o1mni7n8qmex55g45,,2025-08-29 20:19:46.216654+02,es,ES,False,17.8,False
1o1mni7n8qmex5849u,,2025-08-29 21:02:23.795103+02,fr,FR,False,29.3,False
1o1mni7n8qmex5a6q5,anon+6bdbcdc08a0e@example.invalid,2025-08-29 20:23:59.082872+02,fr,CH,True,27.7,True
1o1mni7n8qmex5hcec,anon+4ce825a61541@example.invalid,2025-08-31 19:44:10.531473+02,fr,FR,True,,False
1o1mni7n8qmex7f73h,anon+3561ff1c9f6f@example.invalid,2025-08-29 21:43:35.466609+02,fr,FR,True,39.4,True
1o1mni7n8qmex7rqve,anon+b1b07626255e@example.invalid,2025-08-29 21:25:48.738103+02,fr,FR,True,18.8,True
1o1mni7n8qmex8f3ym,,2025-08-29 21:39:01.975832+02,de,DE,False,24.8,False
1o1mni7n8qmex8o0x7,,2025-08-29 21:41:44.930959+02,es,ES,False,0.0,False
1o1mni7n8qmex8y7mw,,2025-08-29 21:52:19.804772+02,fr,FR,False,0.0,False
1o1mni7n8qmex9343w,,2025-08-30 09:56:53.054801+02,fr,FR,False,0.0,False
1o1mni7n8qmex9348y,,2025-08-29 21:53:29.803926+02,fr,US,False,0.0,False
1o1mni7n8qmex9tf6i,anon+13be197fab28@example.invalid,2025-08-29 22:24:26.917209+02,es,ES,True,24.3,True
1o1mni7n8qmexaxqsj,,2025-08-29 23:00:23.814642+02,it,IT,False,18.8,False
1o1mni7n8qmexb592i,,2025-08-29 22:58:18.845564+02,en,GB,False,10.9,False
1o1mni7n8qmexcnol1,anon+320b6efc28ab@example.invalid,2025-08-29 23:42:29.047124+02,sv,SE,True,190.9,True
1o1mni7n8qmexd030q,anon+60ec2350ebe1@example.invalid,2025-08-29 23:52:24.281641+02,en,GB,True,14.4,False
1o1mni7n8qmexdq8nn,anon+6dfddd125fbf@example.invalid,2025-08-30 00:09:46.139834+02,es,ES,True,,False
1o1mni7n8qmexe33r9,,2025-08-30 00:30:12.830373+02,en,GB,False,21.4,False
1o1mni7n8qmexqty4k,,2025-08-30 06:10:14.69073+02,en,GB,False,0.0,False
1o1mni7n8qmexv4udf,anon+e4efc9d3c6ee@example.invalid,2025-08-30 08:43:09.987422+02,es,ES,True,42.93,True
1o1mni7n8qmexvzmm1,anon+cb4c22fe799e@example.invalid,2025-08-30 08:37:37.17161+02,en,GB,True,21.4,True
1o1mni7n8qmexwg7ty,anon+809cf58ddfaf@example.invalid,2025-08-30 09:05:04.487052+02,en,GB,True,42.5,True
1o1mni7n8qmexx5kwz,,2025-08-30 09:07:16.395203+02,fr,FR,False,,False
1o1mni7n8qmexy0lm2,anon+cf97bd0ba396@example.invalid,2025-08-30 09:37:05.326093+02,en,GB,True,21.4,False
1o1mni7n8qmexy3qx9,,2025-08-30 09:33:48.90804+02,it,IT,False,,False
1o1mni7n8qmexyhufl,anon+dbc661078267@example.invalid,2025-08-30 09:56:54.058337+02,fr,FR,True,29.3,False
1o1mni7n8qmexysh3q,anon+60c58cee088b@example.invalid,2025-08-30 09:54:51.413709+02,es,ES,True,28.3,False
1o1mni7n8qmexyy908,,2025-08-30 09:57:32.900041+02,sv,SE,False,,False
1o1mni7n8qmexz3u6a,,2025-08-30 10:15:39.013598+02,de,DE,False,17.2,False
1o1mni7n8qmey09mzo,anon+051cc3ec59cd@example.invalid,2025-08-30 10:43:32.676262+02,sv,SE,True,0.0,True
1o1mni7n8qmey0ux3g,,2025-08-30 10:52:40.354715+02,es,ES,False,28.3,False
1o1mni7n8qmey19ugf,anon+60c58cee088b@example.invalid,2025-08-30 11:02:34.315286+02,es,ES,True,28.3,False
1o1mni7n8qmey20vp5,,2025-08-30 11:44:39.012017+02,de,DE,False,,False
1o1mni7n8qmey28a1k,anon+da190e2b3f13@example.invalid,2025-08-30 11:35:49.199588+02,en,GB,True,32.5,True
1o1mni7n8qmey2g5hw,,2025-08-30 11:35:26.988853+02,en,GB,False,,False
1o1mni7n8qmey333xc,,2025-08-30 11:55:03.273658+02,de,DE,False,14.85,False
1o1mni7n8qmey3pu5f,anon+de567249aac7@example.invalid,2025-08-30 12:20:12.663072+02,es,ES,True,28.3,True
1o1mni7n8qmey44wy4,anon+3dac7cdd9fe4@example.invalid,2025-08-30 12:29:58.196155+02,es,ES,True,31.7,True
1o1mni7n8qmey44yrw,anon+1bea9551f24a@example.invalid,2025-08-30 21:38:54.405634+02,en,GB,True,24.9,True
1o1mni7n8qmey4a4am,,2025-08-30 12:32:54.272847+02,es,ES,False,19.7,False
1o1mni7n8qmey5ccba,anon+75cb62b37d16@example.invalid,2025-08-30 13:00:18.420832+02,fr,CH,True,18.7,True
1o1mni7n8qmey5f247,anon+500da369717a@example.invalid,2025-08-30 13:11:33.096896+02,es,ES,True,17.82,True
1o1mni7n8qmey5gje6,,2025-08-30 13:00:03.988115+02,en,GB,False,13.8,False
1o1mni7n8qmey6etee,,2025-08-30 13:27:17.304125+02,it,IT,False,0.0,False
1o1mni7n8qmey79def,anon+cfde7513f50e@example.invalid,2025-08-30 14:45:32.70065+02,en,GB,True,,False
1o1mni7n8qmey7a2jr,anon+d2742fae07a3@example.invalid,2025-08-30 13:53:38.52286+02,fr,FR,True,,False
1o1mni7n8qmey7eb49,anon+18aebbcfa962@example.invalid,2025-08-30 14:23:55.356645+02,en,GB,True,17.9,True
1o1mni7n8qmey7lqrw,,2025-08-30 14:03:54.756883+02,de,DE,False,32.7,False
1o1mni7n8qmey8f8qn,,2025-08-30 14:25:00.814756+02,en,GB,False,10.9,False
1o1mni7n8qmey9qsga,anon+978fc1785b66@example.invalid,2025-08-30 15:01:11.649266+02,it,IT,True,17.3,True
1o1mni7n8qmey9xncn,,2025-08-30 15:05:13.243528+02,es,ES,False,17.8,False
1o1mni7n8qmeya4ger,anon+bfb8c4257bfa@example.invalid,2025-08-30 15:16:19.104306+02,sv,SE,True,373.8,True
1o1mni7n8qmeya8kc0,anon+d537ca779eab@example.invalid,2025-09-01 12:48:32.838503+02,sv,SE,True,118.0,True
1o1mni7n8qmeyac1ul,anon+273d9243f923@example.invalid,2025-08-30 15:21:18.225759+02,it,IT,True,,False
1o1mni7n8qmeybau65,,2025-08-30 15:53:34.274493+02,fr,FR,False,22.3,False
1o1mni7n8qmeybc7zm,,2025-08-30 15:44:19.427478+02,es,ES,False,,False
1o1mni7n8qmeybtcbf,anon+8ac0d0a01960@example.invalid,2025-08-30 15:58:31.182638+02,sv,SE,True,128.6,True
1o1mni7n8qmeybxgcv,,2025-08-30 16:07:34.378677+02,fr,FR,False,0.0,False
1o1mni7n8qmeycewt9,anon+3dbaa7aca882@example.invalid,2025-08-30 16:21:22.071375+02,es,ES,True,,False
1o1mni7n8qmeydpv0z,,2025-08-30 17:30:00.661852+02,es,ES,False,28.3,False
1o1mni7n8qmeydudyh,anon+7a732d21e9a1@example.invalid,2025-08-30 17:07:40.499202+02,fr,FR,True,0.0,True
1o1mni7n8qmeydxr9l,,2025-08-30 17:17:22.944857+02,en,GB,False,34.9,False
1o1mni7n8qmeye0uez,,2025-08-30 17:07:10.773497+02,de,DE,False,39.5,False
1o1mni7n8qmeye6uoo,anon+eab8da3bf139@example.invalid,2025-08-30 17:16:36.236436+02,es,ES,True,21.3,False
1o1mni7n8qmeye9un7,,2025-08-30 17:12:51.304947+02,fr,FR,False,32.8,False
1o1mni7n8qmeyes3k7,anon+a583a8a32b5d@example.invalid,2025-08-30 18:30:00.761203+02,en,CA,True,0.0,True
1o1mni7n8qmeyexj3l,anon+4bf8084c36b3@example.invalid,2025-08-30 17:31:22.470918+02,es,ES,True,,False
1o1mni7n8qmeyeznbd,,2025-08-30 17:29:24.207574+02,es,ES,False,37.35,False
1o1mni7n8qmeyff0a1,anon+ffae706800be@example.invalid,2025-08-30 17:51:15.234025+02,es,ES,True,16.8,True
1o1mni7n8qmeyfsvfm,anon+00806674235e@example.invalid,2025-08-30 17:52:13.672504+02,es,ES,True,20.7,False
1o1mni7n8qmeyg0o4v,anon+c65722bd1391@example.invalid,2025-08-31 15:01:58.740398+02,en,GB,True,21.4,True
1o1mni7n8qmeygfq1f,anon+ffae706800be@example.invalid,2025-08-30 18:07:01.370306+02,es,ES,True,0.0,False
1o1mni7n8qmeyh3z9q,,2025-08-30 18:31:59.792815+02,sv,SE,False,118.0,False
1o1mni7n8qmeyhjaiu,anon+1438588f55f6@example.invalid,2025-08-30 18:43:16.256136+02,sv,SE,True,188.0,False
1o1mni7n8qmeyhohvq,anon+dce1c9629083@example.invalid,2025-08-30 18:59:56.870556+02,fr,FR,True,25.8,True
1o1mni7n8qmeyii7zz,,2025-08-30 19:06:15.935725+02,es,ES,False,41.8,False
1o1mni7n8qmeyj8j07,anon+f20cbfb035a9@example.invalid,2025-08-30 19:48:16.442924+02,es,ES,True,,False
1o1mni7n8qmeyj9g7t,anon+f986931930c7@example.invalid,2025-08-31 20:40:31.037649+02,es,ES,True,17.8,True
1o1mni7n8qmeyjf5da,anon+eeb3fbed3b83@example.invalid,2025-08-30 22:14:05.505411+02,es,ES,True,21.3,True
1o1mni7n8qmeyl5q0b,anon+4bf8084c36b3@example.invalid,2025-08-30 20:27:53.684036+02,es,ES,True,24.8,True
1o1mni7n8qmeyle2o3,,2025-08-30 23:15:57.120482+02,it,IT,False,22.3,False
1o1mni7n8qmeylevwi,anon+e88fb204673f@example.invalid,2025-08-30 20:28:27.709341+02,fr,FR,True,111.2,True
1o1mni7n8qmeynafhh,,2025-08-30 21:19:45.169703+02,fr,FR,False,14.85,False
1o1mni7n8qmeyny8ov,anon+200f0a1657e8@example.invalid,2025-08-30 21:53:21.575301+02,es,ES,True,,False
1o1mni7n8qmeyohmsy,anon+2b8ca9a2eece@example.invalid,2025-08-30 21:59:27.898931+02,de,DE,True,0.0,True
1o1mni7n8qmeyolqhn,,2025-08-30 21:57:31.62218+02,en,GB,False,12.5,False
1o1mni7n8qmeyou4ar,anon+e50bcb852b6e@example.invalid,2025-08-30 22:15:24.157398+02,en,GB,True,27.8,True
1o1mni7n8qmeyovf92,,2025-08-30 22:06:26.027156+02,es,ES,False,0.0,False
1o1mni7n8qmeyoxiul,anon+05cbdc88bdcf@example.invalid,2025-08-30 22:04:49.594402+02,es,ES,True,0.0,False
1o1mni7n8qmeypfovs,anon+87366879be71@example.invalid,2025-08-30 22:22:51.459202+02,it,IT,True,18.8,False
1o1mni7n8qmeyprwqa,anon+27ed227eca3b@example.invalid,2025-08-30 22:34:21.678026+02,en,GB,True,,False
1o1mni7n8qmeyq7dsa,anon+5a47cf2fbcbb@example.invalid,2025-08-30 22:45:35.958859+02,sv,SE,True,287.9,True
1o1mni7n8qmeyr8oge,anon+f04997a127c2@example.invalid,2025-08-30 23:10:55.114667+02,en,GB,True,21.4,True
1o1mni7n8qmeyrasnh,,2025-08-30 23:41:48.052188+02,es,ES,False,21.3,False
1o1mni7n8qmeyrxx00,anon+0208167ccf88@example.invalid,2025-08-30 23:30:57.482573+02,es,ES,True,24.8,True
1o1mni7n8qmeyse9eg,,2025-08-30 23:41:50.933619+02,de,DE,False,0.0,False
1o1mni7n8qmeyts6rb,anon+0d4e36d63d2b@example.invalid,2025-08-31 00:38:41.549734+02,it,IT,True,0.0,True
1o1mni7n8qmeywp1pw,anon+49b4744da584@example.invalid,2025-08-31 01:52:06.015712+02,es,ES,True,31.7,False
1o1mni7n8qmeyyu1st,,2025-08-31 03:00:11.676943+02,es,ES,False,48.8,False
1o1mni7n8qmezakwg4,,2025-08-31 08:12:38.253815+02,fr,FR,False,18.7,False
1o1mni7n8qmezalts8,,2025-08-31 08:15:28.459632+02,es,ES,False,32.6,False
1o1mni7n8qmezcfun6,anon+69ba4bf5a518@example.invalid,2025-08-31 09:05:08.204596+02,de,DE,True,,True
1o1mni7n8qmezcocz1,anon+d57cb22d6400@example.invalid,2025-08-31 09:15:46.821773+02,en,GB,True,,False
1o1mni7n8qmezcrft2,,2025-08-31 09:17:36.032822+02,fr,FR,False,15.3,False
1o1mni7n8qmezcuu96,,2025-08-31 09:18:03.614314+02,de,DE,False,18.7,False
1o1mni7n8qmeze145g,,2025-08-31 09:54:06.899468+02,es,ES,False,33.2,False
1o1mni7n8qmeze4nsk,anon+dd6096426dd5@example.invalid,2025-08-31 09:55:27.583487+02,en,GB,True,39.39,True
1o1mni7n8qmezfgte5,,2025-08-31 10:27:57.816644+02,es,ES,False,39.5,False
1o1mni7n8qmezfvls1,,2025-08-31 10:46:58.822852+02,es,ES,False,24.8,False
1o1mni7n8qmezgh9kb,,2025-08-31 10:55:59.516193+02,en,GB,False,0.0,False
1o1mni7n8qmezhlfzm,,2025-08-31 11:28:09.709024+02,de,DE,False,24.8,False
1o1mni7n8qmezi1o2a,,2025-08-31 11:42:37.88714+02,fr,FR,False,36.8,False
1o1mni7n8qmezj38yz,anon+55d14ddc1cdc@example.invalid,2025-08-31 12:12:31.908906+02,es,ES,True,,False
1o1mni7n8qmezjmhqo,,2025-08-31 12:26:33.817901+02,es,ES,False,19.7,False
1o1mni7n8qmezl7nla,anon+ae40a89fd53c@example.invalid,2025-08-31 13:22:49.339529+02,en,GB,True,19.5,False
1o1mni7n8qmezl9xq9,,2025-08-31 13:24:23.07776+02,fr,FR,False,18.8,False
1o1mni7n8qmezle3a6,anon+b3f0c6e93382@example.invalid,2025-08-31 13:20:37.995597+02,en,GB,True,,False
1o1mni7n8qmezmncbu,anon+581be5c74bf5@example.invalid,2025-08-31 14:33:44.511726+02,es,ES,True,,False
1o1mni7n8qmezmwobi,anon+521d9cb63bde@example.invalid,2025-08-31 14:00:56.560766+02,sv,SE,True,0.0,False
1o1mni7n8qmezns5ov,anon+64e4033b6258@example.invalid,2025-08-31 14:42:39.101177+02,fr,FR,True,,False
1o1mni7n8qmezoahz4,,2025-08-31 14:44:36.357297+02,es,ES,False,24.8,False
1o1mni7n8qmezonn4v,,2025-08-31 14:44:53.526178+02,es,ES,False,,False
1o1mni7n8qmezovscj,,2025-08-31 14:59:39.394829+02,es,ES,False,41.8,False
1o1mni7n8qmezpujv2,anon+d2192c6a9985@example.invalid,2025-08-31 15:31:35.897315+02,sv,SE,True,,False
1o1mni7n8qmezq400p,,2025-08-31 15:29:03.890029+02,es,ES,False,10.8,False
1o1mni7n8qmezqlr6m,anon+0d939745d77a@example.invalid,2025-08-31 15:41:17.955532+02,es,ES,True,24.8,True
1o1mni7n8qmezquvrt,anon+159dff914116@example.invalid,2025-08-31 15:57:57.318906+02,fr,FR,True,17.2,False
1o1mni7n8qmezqy18g,,2025-08-31 15:56:31.779804+02,es,ES,False,,False
1o1mni7n8qmezr2fz7,anon+5c0c991ef43a@example.invalid,2025-08-31 16:14:16.856657+02,fr,FR,True,25.8,True
1o1mni7n8qmezrnvsd,,2025-08-31 16:12:46.484101+02,es,ES,False,17.7,False
1o1mni7n8qmezrro6z,anon+bf7e06250de1@example.invalid,2025-08-31 16:15:49.315726+02,it,CH,True,,False
1o1mni7n8qmezs4t5z,anon+d159474d4e04@example.invalid,2025-08-31 16:48:48.227856+02,es,ES,True,,False
1o1mni7n8qmezsy650,anon+10d0a2baab2f@example.invalid,2025-08-31 19:38:00.498042+02,en,GB,True,26.35,True
1o1mni7n8qmezt5pqj,,2025-08-31 16:53:05.868126+02,sv,SE,True,148.0,False
1o1mni7n8qmezt7zxh,,2025-08-31 17:01:03.968086+02,en,GB,False,,True
1o1mni7n8qmeztdnta,,2025-08-31 17:09:09.356638+02,fr,FR,False,32.8,False
1o1mni7n8qmezud2v1,,2025-08-31 17:27:42.471227+02,de,DE,True,14.8,False
1o1mni7n8qmezuirg1,,2025-08-31 17:34:47.623875+02,fr,FR,False,,False
1o1mni7n8qmezujvcq,anon+eaa0ad635cea@example.invalid,2025-08-31 17:46:51.827405+02,fr,FR,True,32.8,True
1o1mni7n8qmezvrmc8,anon+9e3e9073fac0@example.invalid,2025-08-31 18:11:19.641819+02,es,ES,True,24.8,False
1o1mni7n8qmezwh7af,anon+163bf1ea5a41@example.invalid,2025-08-31 18:27:34.7911+02,en,GB,True,20.8,True
1o1mni7n8qmezwmi0y,anon+c65722bd1391@example.invalid,2025-08-31 18:28:58.464493+02,en,GB,True,21.4,True
1o1mni7n8qmezwo1oa,anon+c53031676715@example.invalid,2025-08-31 18:50:50.691129+02,es,ES,True,0.0,True
1o1mni7n8qmezxujk1,anon+1cc485513212@example.invalid,2025-08-31 19:14:10.915894+02,en,GB,True,28.4,True
1o1mni7n8qmezymxqu,,2025-08-31 19:26:51.295483+02,de,DE,False,14.8,False
1o1mni7n8qmezysg21,anon+1ead740bf567@example.invalid,2025-08-31 19:31:11.215391+02,en,GB,True,18.39,True
1o1mni7n8qmezzoqha,,2025-08-31 20:41:45.016149+02,es,ES,False,38.7,False
1o1mni7n8qmezzyzq2,,2025-08-31 20:17:58.926492+02,es,ES,False,21.3,False
1o1mni7n8qmf003u94,,2025-08-31 20:17:52.931397+02,fr,BE,False,32.8,False
1o1mni7n8qmf00grjr,anon+ff69898a05fa@example.invalid,2025-08-31 20:26:18.238702+02,es,ES,True,0.0,True
1o1mni7n8qmf00zt0d,anon+9f3c00957651@example.invalid,2025-08-31 20:59:08.461668+02,de,DE,True,14.85,False
1o1mni7n8qmf01e2d4,anon+cde75a999c57@example.invalid,2025-08-31 20:48:55.995142+02,de,DE,True,22.3,True
1o1mni7n8qmf01sdue,,2025-08-31 20:58:24.073644+02,fr,FR,False,36.0,False
1o1mni7n8qmf01wk0u,anon+6d96a332a396@example.invalid,2025-08-31 21:16:13.406309+02,es,ES,True,,False
1o1mni7n8qmf02c1ub,,2025-08-31 21:12:38.375298+02,es,ES,True,17.8,False
1o1mni7n8qmf02d86x,anon+32e11c5ebfaa@example.invalid,2025-08-31 21:17:29.400792+02,en,GB,True,17.9,True
1o1mni7n8qmf03ann9,anon+a8420318affe@example.invalid,2025-08-31 22:02:47.53314+02,es,ES,True,21.3,True
1o1mni7n8qmf03prj4,,2025-08-31 21:48:01.864532+02,de,DE,False,14.85,False
1o1mni7n8qmf04ndt1,anon+ca8a9cb10ba3@example.invalid,2025-08-31 22:42:19.786307+02,fr,FR,True,29.3,True
1o1mni7n8qmf05c6fz,,2025-08-31 22:33:11.773054+02,es,ES,False,17.8,False
1o1mni7n8qmf05kozh,anon+53a883c611cb@example.invalid,2025-08-31 22:42:31.540625+02,sv,SE,True,,False
1o1mni7n8qmf05ovbd,,2025-08-31 22:44:03.553316+02,es,ES,False,17.8,False
1o1mni7n8qmf070y19,,2025-08-31 23:24:02.523902+02,en,GB,False,10.9,False
1o1mni7n8qmf097pc8,,2025-09-01 00:20:28.23954+02,de,DE,False,,False
1o1mni7n8qmf09ld8v,,2025-09-01 00:35:11.836948+02,es,ES,False,24.8,False
1o1mni7n8qmf0biz05,,2025-09-01 01:39:02.425534+02,fr,FR,False,52.49,False
1o1mni7n8qmf0j0feg,,2025-09-01 04:54:39.125518+02,es,ES,False,0.0,False
1o1mni7n8qmf0lvapw,,2025-09-01 06:30:14.730793+02,fr,FR,False,0.0,False
1o1mni7n8qmf0m6l05,,2025-09-01 06:32:11.628359+02,sv,SE,False,,False
1o1mni7n8qmf0ng0s3,,2025-09-01 07:03:47.403531+02,sv,SE,False,118.0,False
1o1mni7n8qmf0nr1ex,,2025-09-01 07:12:12.137464+02,de,DE,False,0.0,False
1o1mni7n8qmf0o9ibd,anon+d1366d5cfa11@example.invalid,2025-09-01 07:24:44.782551+02,de,DE,True,0.0,False
1o1mni7n8qmf0p8ixj,,2025-09-01 07:50:11.91152+02,en,GB,False,,False
1o1mni7n8qmf0pn5fp,,2025-09-01 08:13:30.821819+02,fr,FR,False,15.3,False
1o1mni7n8qmf0qnmon,anon+d177abc6e476@example.invalid,2025-09-01 08:30:53.039134+02,en,GB,True,,False
1o1mni7n8qmf0rbhz9,,2025-09-01 08:49:17.356023+02,es,ES,False,13.85,False
1o1mni7n8qmf0rltad,anon+bcff93ca2963@example.invalid,2025-09-01 08:57:15.677567+02,es,ES,True,13.8,True
1o1mniiyxumf0ul57e,,2025-09-01 10:20:32.453426+02,es,ES,False,10.8,False
1o1mniiyxumf0wn2nv,,2025-09-01 11:20:04.845363+02,es,ES,False,31.5,False
1o1mniiyxumf0xumja,anon+0629eb8e971a@example.invalid,2025-09-01 11:58:29.319151+02,es,ES,True,24.8,False
1o1mniiyxumf0xza8f,anon+fc9efc75f57c@example.invalid,2025-09-01 12:07:49.499102+02,es,ES,True,,False
1o1mniiyxumf0yofri,,2025-09-01 12:13:12.715813+02,en,RO,False,0.0,False
1o1mniiyxumf0zom9s,anon+845f3dca262a@example.invalid,2025-09-01 13:07:31.586762+02,es,ES,True,31.6,True
1o1mniiyxumf10529y,anon+161a1021cfb5@example.invalid,2025-09-01 13:01:06.893331+02,es,ES,True,,False
3g8e0223mmmdlcbk2p,anon+2c4f3478de8f@example.invalid,2025-08-04 15:33:49.652139+02,es,ES,True,20.7,True
3g8e02ahdsmdzujb7p,anon+6b1df86990bd@example.invalid,2025-08-06 12:55:11.935242+02,en,GB,True,,False
3g8e02ahdsmdzux756,anon+a49a90def280@example.invalid,2025-08-06 19:42:42.302203+02,fr,FR,True,18.8,False
